name,half-life
Alteplase,Alteplase has an initial half-life of less than 5 minutes in patients with acute myocardial infarction (AMI). The dominant initial plasma half-life of the 3-hour and the accelerated regimens for AMI are similar.[L43125]
Interferon gamma-1b,-1
Aldesleukin,13 min-85 min
Insulin lispro,After subcutaneous administration of insulin lispro the t<sub>1/2</sub> is shorter than that of regular human insulin (1 versus 1.5 hours respectively).[L47616] For intravenous administration insulin lispro demonstrated a mean t<sub>1/2</sub> of 0.85 hours (51 minutes) and 0.92 hours (55 minutes) respectively for 0.1 unit/kg and 0.2 unit/kg doses and regular human insulin mean t1/2 was 0.79 hours (47 minutes) and 1.28 hours (77 minutes) respectively for 0.1 unit/kg and  0.2 unit/kg doses.[L47616] 
Adalimumab,The mean terminal half-life was approximately 2 weeks ranging from 10 to 20 days across studies.[L35370]
Agalsidase beta,agalsidase beta has a half like of 67 ± 12 min for a 1 mg/kg dose with a mean infusion length of 115 minutes.[L16383]
Baclofen,The half-life is 2-6 hours after oral administration and 1-5 hours following intrathecal administration.[A245338] The apparent elimination half-life of baclofen oral suspension or granules is about 5.6 hours.[L40134]
Amphetamine,The half-life of amphetamine highly depends on the isomer. For d-amphetamine the reported half-life is of approximately 9-11 hours while for l-amphetamine the half-life is reported to be of 11-14 hours. The urine pH can modify this pharmacokinetic parameter which can vary from 7 hours in acid urine to 34 hours for alkaline urine.[A174292]
Phentermine,The mean terminal half-life of phentermine is reported to be of approximately 20 hours.[A174370] In conditions where there is acidic urine (pH <5) the elimination half-life is of 7-8 hours.[T49]
Adapalene,In one clinical study after ten days of treatment with 2g of 0.3% cream or gel  the terminal half-life was between 7 and 51 hours with a mean of 17.2 ± 10.2.[L12873]
Dapsone,28 hours (range 10-50 hours)
Doxycycline,There is limited information available.
Anagrelide,The t<sub>1/2</sub> of anagrelide and its active metabolite 3-hydroxy anagrelide are approximately 1.5 hours and 2.5 hours respectively.[L14153]
Theophylline,8 hours
Acarbose,In healthy volunteers the plasma elimination half-life of acarbose is approximately 2 hours.[L31628]
Acetaminophen,The half-life for adults is 2.5 h after an intravenous dose of 15 mg/kg.[L4396] After an overdose the half-life can range from 4 to 8 hours depending on the severity of injury to the liver as it heavily metabolizes acetaminophen.[A35815]
Metformin,The plasma elimination half-life of metformin is 6.2 hours in the plasma.[L40243] The elimination half-life in the blood is approximately 17.6 hours suggesting that the erythrocyte mass may be a compartment of distribution.[L40243]
Doxylamine,10 hours
Phenylephrine,Intravenous phenylephrine has an effective half life of 5 minutes and an elimination half life of 2.5 hours.[A187379L9416L9410]
Spironolactone,The mean half-life of spironolactone is 1.4 hours. The mean half-life values of its metabolites including canrenone TMS and HTMS are 16.5 13.8 and 15 hours respectively.[L44602]
Methylphenidate,Concerta: The half-life of methylphenidate in adults following oral administration of Concerta® was approximately 3.5 h.[F4474]Biphentin: Methylphenidate is eliminated from plasma with a mean half-life of 2.4 hours in children and 2.1 hours in adults.[F4480]Methylphenidate (immediate release): Methylphenidate is eliminated from the plasma with a mean half-life of 2.4 hours in children and 2.1 hours in adults.[F4483]
Dipivefrin,-1
Loratadine,The elimination half life is approximately 10 hours for loratadine and 20 hours for descarboethoxyloratadine.[A176438]
Acitretin,49 hours (range 33 to 96 hours)
Ketorolac,Ketorolac tromethamine is administered as a racemic mixture therefore the half-life of each enantiomer must be considered. The half life of the S-enantiomer is ~2.5 hours while the half life of the R-enantiomer is ~5 hours. Based on this data the S enantiomer is cleared about twice as fast as the R enantiomer.[L3674]
Chlordiazepoxide,24-48 hours
Albendazole,Terminal elimination half-life ranges from 8 to 12 hours (single dose 400mg).
Tolnaftate,-1
Zafirlukast,10 hours
Methotrexate,The half life of low dose methotrexate is 3 to 10 hours in adults.[L7144] The half life for high dose methotrexate is 8 to 15 hours.[L7147] Pediatric patients taking methotrexate for acute lymphoblastic anemia experience a terminal half life of 0.7 to 5.8 hours.[L7144] Pediatric patients taking methotrexate for juvenile idiopathic arthritis experience a half life of 0.9 to 2.3 hours.[L7144]
Acamprosate,In pharmacokinetic studies enteric-coated acamprosate tablets demonstrate a terminal elimination half-life 10-fold higher than reported 3 hour half-life after intravenous infusion of acamprosate.[A229033] After two oral doses of acamprosate 333mg the terminal half-life ranges between 20 - 33 hours.[L31738]
Imiquimod,20 hours (topical dose) 2 hours (subcutaneous dose)
Hydrocortisone,Total hydrocortisone via the oral route has a half life of 2.15h while the free fraction has a half life of 1.39h.[A188354] A 20mg IV dose of hydrocortisone has a terminal half life of 1.9±0.4h.[A188381]
Tetracycline,6-12 hours
Acyclovir,The clearance of acyclovir varies from 2.5-3 hours depending on the creatinine clearance of the patient.[A180757] The plasma half life of acyclovir during hemodialysis is approximately 5 hours.[L7315] The mean half life in patients from 7 months to 7 years old is 2.6 hours.[L7315]
Naproxen,The elimination half-life of naproxen is reported to be 12-17 hours.[A178975][L6583]
Perindopril,Perindopril 1.2 hours; Peridoprilat 30-120 hours. The long half life of peridoprilat is due to its slow dissociation from ACE binding sites. 
Fentanyl,The half life of fentanyl is 7  hours.[L6601] The half life of fentanyl sublingual spray is 5-12 hours.[L6607]
Acetazolamide,3 to 9 hours
Tadalafil,The mean half-life of elimination of tadalafil is 15-17.5h in healthy adults.[A242270 L39095 L39100] The mean half-life of elimination in adults with PAH is reported as 35h.[L39100]
Brompheniramine,-1
Pseudoephedrine,The mean elimination half life of pseudoephedrine is 6.0h.[L11031]
Prednisolone,Prednisolone has a plasma half life of 2.1-3.5 hours.[A187394] This half life is shorter in children and longer in those with liver disease.[A187394]
Guaifenesin,The half-life in plasma observed for guaifenesin is approximately one hour [A177676 L6079 L6100 F4522 F4525]. 
Quinapril,The active metabolite quinaprilat has an elimination half life of 2.3 hours.[A1329L8420]
Amantadine,Mean half-lives ranged from 10 to 14 hours however renal function impairment causes a severe increase in half life to 7 to 10 days.
Salicylic acid,-1
Salmeterol,The half life of salmeterol is 5.5h.[A183737]
Methylprednisolone,Methylprednisolone has a half life of 2.3h.[A188757A188802]
Methyldopa,The plasma half-life of methyldopa is 105 minutes.[L32614] Following intravenous injection the plasma half-life of methyldopa ranges from 90 to 127 minutes.[L32624]
Dactinomycin,36 hours
Cyclopentolate,-1
Isotretinoin,The half life ranges from 7-39 hours[L6589] with a mean elimination half life of 20 hours.[A179089] The half life of 4-oxo-13-cis-retinoic acid ranges from 17-50 hours with a mean elimination half life of 25 hours.[L6589]
Doxorubicin,The terminal half-life of doxorubicin ranges from 20 hours to 48 hours.[L45231] The distribution half-life of doxorubicin is approximately 5 minutes.[L45231] For the liposomal formulation the first-phase and second-phase half-lives were calculated to be 4.7 ± 1.1 and 52.3 ± 5.6 hours respectively for a 10 mg/m<sup>2</sup> of doxorubicin in patients with AIDS-Related Kaposi’s Sarcoma.[L45226]
Hydrochlorothiazide,The plasma half life of hydrochlorothiazide is 5.6-14.8h.[L8447]
Albuterol,The elimination half-life of inhaled or oral salbutamol has been recorded as being between 2.7 and 5 hours while the apparent terminal plasma half-life of albuterol has been documented as being approximately 4.6 hours.[F3265Label]
Abacavir,1.54 ± 0.63 hours
Ibuprofen,The serum half-life of ibuprofen is 1.2-2 hours.[A39092] In patients with a compromised liver function the half-life can be prolonged to 3.1-3.4 hours.[A39190]
Diphenhydramine,The elimination half-life ranges from 2.4-9.3 hours in healthy adults [F3394 L5287]. The terminal elimination half-life is prolonged in liver cirrhosis [L5287].
Chlorpheniramine,21-27 hours
Nifedipine,The terminal elimination half life of nifedipine is approximately 2 hours.[A190210A190261]
Rabeprazole,1-2 hours (in plasma)
Pioglitazone,The mean serum half-life of pioglitazone and its metabolites (M-III and M-IV) range from 3-7 hours and 16-24 hours respectively.[L11416]
Acebutolol,The plasma elimination half-life is approximately 3 to 4 hours. The half-life of its metabolite diacetolol is 8 to 13 hours.
Levobunolol,20 hours
Budesonide,Budesonide has a plasma elimination half life of 2-3.6h.[L10601L10604L10607L10622] The terminal elimination half life in asthmatic children 4-6 years old is 2.3h.[L10613]
Aripiprazole,-1
Dextroamphetamine,11.75 hours.[L52145] In a study of post-stroke patients the half life was 16.0 hours in females and 12.4 hours in males.[A2505] Studies in healthy populations show a half life of 7.9 hours.[A177247]
Everolimus,~30 hours.
Flibanserin,≈11 hours
Abiraterone,In patients with mCRPC the mean (± SD) terminal half-life of abiraterone in plasma is 12 (± 5) hours.[L40968 L40193]
Aluminum hydroxide,-1
Alcaftadine,The elimination half-life of the carboxylic acid metabolite is approximately 2 hours following topical ocular administration.
Brentuximab vedotin,The terminal half-life is approximately 4-6 days.[L39789]
Aflibercept,For the intravitreal formulation the half-life was estimated to be 7.13 days.[A261130] For the intravenous formulation following a dose of 4 mg per kg every two weeks administered intravenously the elimination half-life of free ziv-aflibercept was approximately 6 days (range 4-7 days).[L45141] 
Aclidinium,Plasma half-life = 2.4 minutes (indicating that aclidinium is very rapidly hydrolyzed in plasma into its two inactive metabolites and has a low chance of causing systemic side effects). Effective half-life = 5-8 hours. 
Afatinib,Afatinib is eliminated with an effective half-life of approximately 37 hours [L2937]. Thus steady-state plasma concentrations of afatinib were achieved within 8 days of multiple dosing of afatinib resulting in an accumulation of 2.77-fold (AUC0-∞) and 2.11-fold (Cmax) [L2937]. In patients treated with afatinib for more than 6 months a terminal half-life of 344 h was estimated [L2937].
Riociguat,About 12 hours in patients and 7 hours in healthy subjects. 
Albiglutide,4-7 days.
Benzoyl peroxide,-1
Magnesium hydroxide,N/A
Lixisenatide,Following the administration of multiple doses in patients with type II diabetes mellitus the mean terminal half-life of lixisenatide was approximately 3 hours.[L48400]
Acalabrutinib,After administering a single oral dose of 100 mg acalabrutinib the median terminal elimination half-life of the drug was found to be 0.9 (with a range of 0.6 to 2.8) hours.[L10241]The half-life of the active metabolite ACP-5862 is about 6.9 hours.[L10241]
Rifamycin,The reported half-life when a dose of 250 mg of rifamycin was administered is 3 h.[A39998]
Niraparib,Following multiple daily doses of 300 mg of niraparib the mean half-life (t<sub>1/2</sub>) is 36 hours.[L43277]
Abemaciclib,The mean plasma elimination half-life for abemaciclib in patients was 18.3 hours (72% CV) [FDA Label].
Tralokinumab,The half-life of tralokinumab is approximately 22 days.[L39287]
Trifarotene,The terminal half-life of trifarotene is typically between 2 to 9 hours.[L9013]
Aceclidine,The half-life of aceclidine could not be estimated at any timepoint due to the limited amount of quantifiable concentrations of drug product following ophthalmic dosing.[L53768]
Erenumab,Erenumab exhibits non-linear kinetics as a result of binding to the CGRP receptor [FDA Label]. Lower than 2-fold accumulation was recorded in trough serum concentrations (Cmin) for episodic and chronic migraine patients following subcutaneous administration of 70 mg once-monthly and 140 mg once-monthly doses [FDA Label]. Serum trough concentrations approached steady state by 3 months of dosing [FDA Label]. The effective half-life of erenumab was observed to be 28 days [FDA Label].
Fremanezumab,The mean half-life recorded for fremanezumab was similar across doses for Japanese and Caucasian study subjects and was estimated to be approximately 31-39 days.[A33125L11749]
Abrocitinib,The mean elimination half-lives of abrocitinib and its two active metabolites M1 and M2 range from three to five hours.[L39769]
Vamorolone,The terminal elimination half-life of vamorolone is approximately 2 hours. [L48671]
Crizanlizumab,Given a 5mg/kg dose of crizanlizumab the mean terminal elimination half life of crizanlizumab is 10.6 days in healthy subjects and 7.6 days in patients with sickle cell disease.[L10097]
Adagrasib,Adagrasib has a terminal elimination half-life of 23 hours.[L44361]
Idecabtagene vicleucel,-1
Nadofaragene firadenovec,-1
Acoramidis,The effective half-life of acoramidis is approximately 6 hours.[L51958]
Afamitresgene autoleucel,-1
Acoltremon,-1
