key,name
600002,Moxifloxacin
600010,Repaglinide
600014,Montelukast
600027,Insulin Glargine (rDNA origin) Injection
600032,Leflunomide
600034,Delavirdine
600035,Nevirapine
600042,Mifepristone (Mifeprex)
600045,Atorvastatin
601001,Dolasetron
601002,Goserelin Implant
601004,Strontium-89 Chloride
601005,Acetaminophen and Codeine
601006,Hydrocodone Combination Products
601009,"Acetaminophen, Butalbital, and Caffeine"
601010,Acitretin
601011,Alendronate
601012,Alitretinoin
601013,Aluminum Hydroxide and Magnesium Hydroxide
601014,Amiloride and Hydrochlorothiazide
601015,Aminophylline
601017,Amlexanox
601018,Amlodipine and Benazepril
601020,Anagrelide
601023,"Aspirin, Butalbital, and Caffeine"
601024,Belladonna Alkaloid Combinations and Phenobarbital
601025,Benazepril and Hydrochlorothiazide
601026,Benzoyl Peroxide Topical
601027,Bisacodyl
601028,"Bismuth, Metronidazole, and Tetracycline"
601030,Budesonide Nasal Spray
601031,Calcitonin Salmon Nasal Spray
601032,Calcium Carbonate
601033,Candesartan
601034,Captopril and Hydrochlorothiazide
601036,Chlordiazepoxide and Clidinium
601038,Cilostazol
601040,Clopidogrel
601041,Estrogen and Progestin (Hormone Replacement Therapy)
601042,Cromolyn Oral Inhalation
601044,Diphenhydramine Topical
601045,Diphenoxylate
601047,Enalapril and Hydrochlorothiazide
601048,Ergotamine and Caffeine
601049,Erythromycin and Sulfisoxazole
601050,Ethinyl Estradiol and Norethindrone (Oral Contraceptives)
601052,Fenofibrate
601053,Fexofenadine and Pseudoephedrine
601054,Fluocinonide Topical
601055,Flurandrenolide Topical
601056,Fluticasone Oral Inhalation
601057,Fluticasone Topical
601059,Guanfacine
601060,Halobetasol Topical
601061,"Neomycin, Polymyxin, Bacitracin, and Hydrocortisone Topical"
601062,Idoxuridine Ophthalmic
601063,Albuterol and Ipratropium Oral Inhalation
601066,Lamivudine and Zidovudine
601067,"Lansoprazole, Clarithromycin, and Amoxicillin"
601068,Levodopa and Carbidopa
601070,Lisinopril and Hydrochlorothiazide
601072,Magnesium Gluconate
601073,Magnesium Hydroxide
601074,Magnesium Oxide
601076,Methyldopa and Hydrochlorothiazide
601077,Methylergonovine
601078,Metipranolol Ophthalmic
601079,Miglitol
601081,Mycophenolate
601082,Nafarelin Nasal Spray
601083,Naratriptan
601084,Nicotine Transdermal Patch
601085,Nitroglycerin Transdermal Patch
601086,Nitroglycerin Sublingual
601087,Nystatin and Triamcinolone
601088,Olsalazine
601090,Paregoric
601091,Penbutolol
601092,Pentazocine
601096,Pirbuterol Acetate Oral Inhalation
601097,Polyethylene glycol-electrolyte solution (PEG-ES)
601098,"Neomycin, Polymyxin, and Bacitracin Topical"
601099,Potassium
601102,Prednisone
601104,Psyllium
601105,Pyrethrin and Piperonyl Butoxide Topical
601106,Ranitidine
601107,Reserpine
601109,Rizatriptan
601111,Spironolactone and Hydrochlorothiazide
601112,Senna
601113,Stool Softeners
601114,Sulfacetamide Ophthalmic
601116,Sumatriptan
601117,Tacrolimus
601118,Testosterone Transdermal Patch
601120,Tiludronate
601121,Tizanidine
601122,Triamcinolone
601124,Triamcinolone Topical
601125,Triamterene and Hydrochlorothiazide
601127,Trimethadione
601128,Trandolapril and Verapamil
601129,Zolmitriptan
601132,Amphotericin B Lipid Complex Injection
601133,Ampicillin Injection
601141,Doxycycline Injection
601142,Famotidine Injection
601143,Fluconazole Injection
601144,Foscarnet Injection
601146,Histrelin Implant
601148,Hydromorphone Injection
601151,Interferon Beta-1b Injection
601152,Interferon Gamma-1b Injection
601154,Levofloxacin Injection
601155,Meperidine Injection
601157,Methylprednisolone Injection
601158,Metoclopramide Injection
601159,Metronidazole Injection
601161,Morphine Injection
601163,Pamidronate Injection
601164,Ranitidine Injection
601165,Co-trimoxazole Injection
601167,Vancomycin Injection
601168,Zidovudine Injection
601169,How to Use Ear Drops
601170,How to Use Eye Ointments and Gels
601171,How to Use Eyedrops
601172,How to Use Metered-Dose Inhalers
601173,How to Use Nose Drops
601174,How to Use Rectal Suppositories
601176,"MMR Vaccine (Measles, Mumps, and Rubella)"
601177,Polio Vaccine
601200,Altretamine
601202,Fentanyl Transdermal Patch
601203,Miconazole Vaginal
601204,Butorphanol Nasal Spray
601206,Cefuroxime
601207,Cyclosporine
601208,Pentamidine Oral Inhalation
601209,Ondansetron
601210,Enoxaparin Injection
601211,Granisetron
601212,Torsemide
601213,Olanzapine
601214,Dolasetron Injection
601230,Alosetron
601232,Brimonidine Ophthalmic
601233,Brinzolamide Ophthalmic
601234,Dextroamphetamine and Amphetamine
601235,Dofetilide
601236,Entacapone
601237,Eprosartan
601240,Hydroxychloroquine
601241,Ketorolac Ophthalmic
601242,Meloxicam
601243,Nedocromil Ophthalmic
601244,Orlistat
601245,Oxcarbazepine
601246,Pantoprazole
601247,Risedronate
601248,Sevelamer
601249,Telmisartan
601250,Temozolomide
601251,Zaleplon
602001,Anakinra
602002,Desloratadine
602004,Linezolid
602006,Estrogen and Progestin (Transdermal Patch Contraceptives)
602007,Pentosan Polysulfate
602008,Progestin-Only (norethindrone) Oral Contraceptives
602009,Rivastigmine
602010,Trimipramine
602013,Etanercept Injection
602014,Glycopyrrolate
602015,Lopinavir and Ritonavir
602016,Modafinil
602017,Perindopril
602018,Tenofovir alafenamide
602019,Diflorasone Topical
602020,Tacrolimus Topical
602021,Choline Magnesium Trisalicylate
602022,Dorzolamide and Timolol Ophthalmic
602023,Formoterol Oral Inhalation
602024,Mometasone Nasal Spray
602025,Olopatadine Ophthalmic
602026,Sirolimus
602027,Travoprost Ophthalmic
602029,Ofloxacin Ophthalmic
602030,Bimatoprost Ophthalmic
603001,Dutasteride
603002,Epinephrine Injection
603003,Epirubicin
603004,Eplerenone
603005,Escitalopram
603006,Olmesartan
603007,Quinupristin and Dalfopristin Injection
603008,Zonisamide
603009,Azelastine Ophthalmic
603010,Adalimumab Injection
603012,Aripiprazole
603013,Atomoxetine
603014,Dexmethylphenidate
603015,Ezetimibe
603016,Glatiramer Injection
603017,Nitazoxanide
603018,Teriparatide Injection
603019,Atazanavir
603020,Azelaic Acid Topical
603021,Clindamycin and Benzoyl Peroxide Topical
603022,Dihydroergotamine Injection
603023,Enfuvirtide Injection
603024,Erythromycin and Benzoyl Peroxide Topical
603025,Levalbuterol Oral Inhalation
603026,Lidocaine Transdermal Patch
603027,Pimecrolimus Topical
603028,Almotriptan
603029,Eletriptan
603030,Mefloquine
603031,Omalizumab Injection
603032,Polyethylene Glycol 3350
603033,Rosuvastatin
603034,Testosterone Buccal
603035,Vardenafil
604001,Adapalene
604002,Alfuzosin
604003,Aprepitant
604004,Emtricitabine
604005,Interferon Beta-1a Subcutaneous Injection
604006,Memantine
604007,Tegaserod
604008,Tadalafil
604009,Cyclosporine Ophthalmic
604011,Epinastine Ophthalmic
604012,Fosamprenavir
604013,Frovatriptan
604014,Gemifloxacin
604015,Miglustat
604016,Oxybutynin Transdermal Patch
604017,Progesterone
604018,Tiotropium Oral Inhalation
604019,"Neomycin, Polymyxin, and Bacitracin Ophthalmic"
604020,Apomorphine Injection
604021,Ciclopirox Topical
604022,Darbepoetin Alfa Injection
604023,Infliximab Injection
604024,Oxandrolone
604025,Protriptyline
604026,Telithromycin
604027,Rifaximin
604028,Acamprosate
604029,Cyanocobalamin Nasal Gel
604030,Duloxetine
604031,Eflornithine
604032,Estrogen and Progestin (Vaginal Ring Contraceptives)
604033,Ketotifen Ophthalmic
604034,Norethindrone
604035,Pancrelipase
604036,Tinidazole
604037,Trospium
604038,Vancomycin
604039,Medroxyprogesterone Injection
605001,Bosentan
605002,Buprenorphine Sublingual and Buccal (opioid dependence)
605003,Cefditoren
605004,Cinacalcet
605005,Ciprofloxacin Ophthalmic
605006,Natalizumab Injection
605007,Cyanocobalamin Injection
605008,Erlotinib
605009,Eszopiclone
605010,Fluorouracil Topical
605011,Ganciclovir
605012,Gatifloxacin Ophthalmic
605013,Insulin Aspart (rDNA Origin) Injection
605014,Ketoconazole Topical
605015,Lanthanum
605016,Moxifloxacin Ophthalmic
605017,Palifermin
605018,Ribavirin
605019,Solifenacin
605020,Testosterone Topical
605021,Valganciclovir
605022,Voriconazole
605023,Zoledronic Acid Injection
605024,Adefovir
605025,Desonide Topical
605026,Desoximetasone Topical
605027,Dextroamphetamine
605028,Entecavir
605029,Peginterferon Alfa-2a Injection
605030,Peginterferon Alfa-2b (PEG-Intron)
605031,Pramlintide Injection
605032,Sodium Oxybate
605033,Diazepam Rectal
605034,Exenatide Injection
605035,Ibandronate
605036,Isocarboxazid
605038,Ramelteon
605039,Darifenacin
605040,Doxepin Topical
605041,Estradiol Topical
605042,Estradiol Transdermal Patch
605043,Fentanyl
605045,Pregabalin
605046,Zolmitriptan Nasal Spray
606001,Acyclovir Topical
606002,Deferasirox
606003,Diclofenac Ophthalmic
606004,Estrogen Injection
606005,Estrogen Vaginal
606006,Morphine Rectal
606007,Nepafenac Ophthalmic
606008,Phenylephrine
606009,Tipranavir
606010,Barium Sulfate
606011,Felbamate
606012,Insulin Detemir (rDNA Origin) Injection
606014,Methylphenidate Transdermal Patch
606015,Ranolazine
606016,Abatacept Injection
606017,Rasagiline
606018,Imatinib
606019,Nicotine Lozenges
606020,Nicotine Nasal Spray
606021,Nicotine Oral Inhalation
606022,Ondansetron Injection
606023,Sitagliptin
606024,Varenicline
607001,Bevacizumab Injection
607002,Gefitinib
607003,Selegiline Transdermal Patch
607004,Albuterol
607005,Paliperidone
607006,Exemestane
607007,Bortezomib Injection
607008,Ciclesonide Nasal Spray
607009,Ciprofloxacin and Hydrocortisone Otic
607010,Ciprofloxacin and Dexamethasone Otic
607011,Ofloxacin Otic
607012,Clofarabine Injection
607013,Anthrax Vaccine
607014,Hepatitis B Vaccine
607015,Haemophilus influenzae type b (Hib) Vaccine
607017,"Influenza Vaccine, Inactivated or Recombinant"
607018,"Influenza Vaccine, Live Intranasal"
607019,Japanese Encephalitis Vaccine
607020,Meningococcal ACWY Vaccines (MenACWY)
607022,Pneumococcal Polysaccharide Vaccine
607023,Rabies Vaccine
607024,Rotavirus Vaccine
607025,Live Shingles (Zoster) Vaccine (ZVL)
607026,"Tetanus, Diphtheria (Td) Vaccine"
607027,"Tetanus, Diphtheria, Pertussis (Tdap) Vaccine"
607028,Typhoid Vaccine
607029,Varicella (Chickenpox) Vaccine
607030,Yellow Fever Vaccine
607031,Fulvestrant Injection
607032,Ibandronate Injection
607033,Insulin Glulisine (rDNA origin) Injection
607034,Lubiprostone
607035,Oxaliplatin Injection
607036,Posaconazole
607037,Primaquine
607038,Rituximab Injection
607039,Aliskiren
607040,Bismuth Subsalicylate
607041,Cetuximab Injection
607042,Darunavir
607043,Pemetrexed Injection
607044,Ranibizumab Injection
607045,Telbivudine
607046,Dimenhydrinate
607047,Lisdexamfetamine
607048,Nabilone
607049,Retapamulin
607050,Vorinostat
607051,Sorafenib
607052,Sunitinib
607054,Dronabinol
607055,Lapatinib
607056,Levocetirizine
607057,Pegaptanib Injection
607058,Pegfilgrastim Injection
607059,Rotigotine Transdermal Patch
607060,Verteporfin Injection
607061,Arformoterol Oral Inhalation
607062,Aminolevulinic Acid Topical
607063,Dasatinib
607064,Mexiletine
607065,Omega-3 Fatty Acids
607066,Panitumumab Injection
607067,Armodafinil
607068,Azacitidine Injection
607069,Ivermectin
607070,Paclitaxel (with polyoxyethylated castor oil) Injection
607071,Temsirolimus
607072,Salicylic Acid Topical
607073,Antipyrine-Benzocaine Otic
607074,Bentoquatam Topical
607076,Maraviroc
607077,Nelarabine Injection
607078,Rivastigmine Transdermal Patch
608001,Lenalidomide
608002,Nilotinib
608003,Toremifene
608004,Raltegravir
608005,Apraclonidine Ophthalmic
608006,Bexarotene
608007,Budesonide
608008,Chloramphenicol Injection
608009,Decitabine Injection
608010,Desmopressin
608011,Talc Intrapleural
608012,Betaine
608013,OnabotulinumtoxinA Injection
608014,RimabotulinumtoxinB Injection
608015,Doripenem Injection
608016,Etravirine
608017,Arsenic Trioxide Injection
608018,Calcipotriene Topical
608019,Mitoxantrone Injection
608020,Sapropterin
608021,Liotrix
608022,Desvenlafaxine
608023,Aminocaproic Acid
608024,Aminocaproic Acid Injection
608025,Cevimeline
608026,Oxymetazoline Nasal Spray
608027,How to Use Nasal Sprays
608028,How to Use Nasal Pump Sprays
608029,Nebivolol
608030,Moxifloxacin Injection
608032,Tretinoin
608033,"How to Use Vaginal Tablets, Suppositories, and Creams"
608034,Bendamustine Injection
608035,Mometasone Oral Inhalation
608036,Bexarotene Topical
608037,Tacrolimus Injection
608038,Leucovorin Injection
608039,Pilocarpine
608040,Flecainide
608041,Certolizumab Injection
608042,Ixabepilone Injection
608043,Irinotecan Injection
608044,Levoleucovorin Injection
608045,Daptomycin Injection
608046,Estramustine
608047,Sertaconazole Topical
608048,Praziquantel
608049,Clonidine Transdermal Patch
608050,Mitotane
608051,Alvimopan
608052,Methylnaltrexone Injection
608053,Alemtuzumab Injection (Chronic Lymphocytic Leukemia)
609001,Rufinamide
609002,Silodosin
609003,Midazolam
609004,Ciclesonide Oral Inhalation
609005,Clindamycin Topical
609006,Clindamycin Vaginal
609007,Naltrexone Injection
609008,Romiplostim Injection
609009,Bimatoprost Topical
609010,Dexrazoxane Injection
609011,Eltrombopag
609012,Ibritumomab Injection
609014,Midazolam Injection
609015,Granisetron Transdermal Patch
609016,Milnacipran
609017,Dexlansoprazole
609018,Plerixafor Injection
609019,Sodium Phosphate
609020,Febuxostat
609021,Fesoterodine
609022,Degarelix Injection
609023,Betaxolol
609024,Artemether and Lumefantrine
609025,Difluprednate Ophthalmic
609026,Iloperidone
609027,Prasugrel
609028,Lacosamide
609029,Lacosamide Injection
609032,Everolimus
609033,Tolvaptan (low blood sodium)
609034,Dronedarone
609035,AbobotulinumtoxinA Injection
610001,Pralatrexate Injection
610002,Palonosetron Injection
610003,Saxagliptin
610004,Telavancin Injection
610005,Romidepsin Injection
610006,Tapentadol
610007,Topotecan
610008,Rasburicase Injection
610009,Ofatumumab Injection (Chronic Lymphocytic Leukemia)
610010,Golimumab Injection
610011,Besifloxacin Ophthalmic
610012,Bepotastine Ophthalmic
610013,Pazopanib
610014,Human Papillomavirus (HPV) Vaccine (Cervarix)
610015,Asenapine
610016,Vigabatrin
610017,Pneumococcal Conjugate Vaccine
610018,Pitavastatin
610019,Albendazole
610020,Ulipristal
610021,Levonorgestrel
610022,Oxymorphone
610023,Denosumab Injection
610024,Dabigatran
611001,Diclofenac Transdermal Patch
611002,Diclofenac Topical (arthritis pain)
611003,Liraglutide Injection
611004,Tocilizumab Injection
611005,Dalfampridine
611006,Fingolimod
611007,Eribulin Injection
611008,IncobotulinumtoxinA Injection
611009,Cabazitaxel Injection
611010,Malathion Topical
611011,Benzyl Alcohol Topical
611012,Spinosad Topical
611013,Ustekinumab Injection
611014,Ceftaroline Injection
611015,Pegloticase Injection
611016,Lurasidone
611017,Flurbiprofen Ophthalmic
611018,Bromfenac Ophthalmic
611019,Acetaminophen Injection
611020,Vilazodone
611021,Valrubicin Intravesical
611022,Alcaftadine Ophthalmic
611023,Ipilimumab Injection
611024,Denileukin Diftitox Injection
611025,Sipuleucel-T Injection
611026,Terbutaline Injection
611027,Belimumab Injection
611028,Azilsartan
611032,Valsartan and Hydrochlorothiazide
611033,Busulfan Injection
611034,Roflumilast
611035,Tesamorelin Injection
611036,Linagliptin
611037,Rilpivirine
611038,Telaprevir
611039,Boceprevir
611040,Fidaxomicin
611041,Diclofenac Topical (actinic keratosis)
611042,Ketorolac Nasal Spray
611043,Potassium Iodide
611044,Cyclophosphamide Injection
611045,Carmustine Implant
611046,Abiraterone
611047,Triptorelin Injection
611048,Dextromethorphan and Quinidine
611049,Rivaroxaban
611050,Ticagrelor
611051,Bisacodyl Rectal
611052,Brentuximab Vedotin Injection
611053,Daunorubicin Lipid Complex Injection
612001,Doxorubicin Lipid Complex Injection
612002,Linezolid Injection
612003,Cytarabine Lipid Complex Injection
612004,Aflibercept Injection
612006,Ruxolitinib
612007,Vandetanib
612008,Clobazam
612009,Vemurafenib
612010,Vismodegib
612011,Belatacept Injection
612012,Ivacaftor
612013,Basiliximab Injection
612014,Indacaterol Oral Inhalation
612015,Fentanyl Nasal Spray
612016,Deferiprone
612017,Axitinib
612018,Crizotinib
612019,Melphalan Injection
612020,Cabergoline
612021,Tranexamic Acid
612022,Naloxone Injection
612023,Ambrisentan
612024,Eculizumab Injection
612025,Peginterferon Alfa-2b Injection (Sylatron)
612026,Fondaparinux Injection
612027,Pertuzumab Injection
612028,Ezogabine
612029,Collagenase Clostridium histolyticum Injection
612030,Tafluprost Ophthalmic
612031,Carfilzomib Injection
612032,Iloprost Oral Inhalation
612033,Enzalutamide
612034,Asparaginase Erwinia Chrysanthemi Injection
612035,"Elvitegravir, Cobicistat, Emtricitabine, and Tenofovir disoproxil fumarate (DF)"
612036,Emtricitabine and Tenofovir disoproxil fumarate
612037,Phentermine and Topiramate
612038,Mirabegron
613001,Aclidinium Oral Inhalation
613002,Temozolomide Injection
613003,Ziv-aflibercept Injection
613004,Regorafenib
613005,Bosutinib
613006,"Corticotropin, Repository Injection"
613007,Linaclotide
613008,Ingenol Mebutate Topical
613009,Glucarpidase
613010,Teriflunomide
613011,Ivermectin Topical
613012,Omacetaxine Injection
613013,Mesna
613014,Lorcaserin
613015,Cabozantinib (thyroid cancer)
613016,Crofelemer
613017,Bacitracin Ophthalmic
613018,Erythromycin Ophthalmic
613019,Teduglutide Injection
613020,"Sodium Picosulfate, Magnesium Oxide, and Anhydrous Citric Acid"
613021,Vincristine Lipid Complex Injection
613022,Bedaquiline
613023,Mipomersen Injection
613024,Icosapent Ethyl
613025,Tofacitinib
613026,Alogliptin
613027,Oxybutynin Topical
613028,Dimethyl Fumarate
613029,Ponatinib
613030,Pomalidomide
613031,Ado-trastuzumab Emtansine Injection
613032,Apixaban
613033,Canagliflozin
613034,Methazolamide
613035,Hydromorphone Rectal
613036,Unoprostone Ophthalmic
613037,Fluticasone and Vilanterol Oral Inhalation
613038,Dabrafenib
613039,Ospemifene
613040,Trametinib
613041,Fentanyl Sublingual Spray
613042,Buprenorphine Transdermal Patch
613043,Dolutegravir
613044,Afatinib
613045,Doxylamine and Pyridoxine
613046,Calcitriol Topical
613047,Levonorgestrel Intrauterine System
613048,Levomilnacipran
614001,Ertapenem Injection
614002,Tigecycline Injection
614003,Vortioxetine
614004,Estrogen and Bazedoxifene
614005,Mifepristone (Korlym)
614006,Perampanel
614007,Ibrutinib
614008,Lomitapide
614009,Mechlorethamine Topical
614010,Avanafil
614011,Ketorolac Injection
614012,Obinutuzumab Injection
614013,Simeprevir
614014,Sofosbuvir
614015,Dapagliflozin
614016,Olanzapine Injection
614017,Iron Sucrose Injection
614018,Sodium Phosphate Rectal
614019,Umeclidinium and Vilanterol Oral Inhalation
614020,Luliconazole Topical
614021,Mesalamine Rectal
614022,Apremilast
614023,Ferumoxytol Injection
614024,Umeclidinium Oral Inhalation
614025,Droxidopa
614026,Ramucirumab Injection
614027,Ceritinib
614028,Siltuximab Injection
614029,Sumatriptan Nasal
614030,Sodium Ferric Gluconate Injection
614031,Albiglutide Injection
614032,Eslicarbazepine
614033,Iron Dextran Injection
614034,Vedolizumab Injection
614035,Belinostat Injection
614036,Dalbavancin Injection
614037,Ferric Carboxymaltose Injection
614038,Tedizolid
614039,Tedizolid Injection
614040,Idelalisib
614041,Testosterone Injection
614042,Oritavancin Injection
614043,Empagliflozin
614044,Vorapaxar
614045,Hydrocodone
614046,Suvorexant
614047,Dulaglutide Injection
614048,Pembrolizumab Injection
614049,Tavaborole Topical
614050,Efinaconazole Topical
614051,Ledipasvir and Sofosbuvir
614052,Bacitracin Topical
614053,Netupitant and Palonosetron
614055,Edoxaban
614056,Nivolumab Injection
614057,"Ombitasvir, Paritaprevir, Ritonavir, and Dasabuvir"
614059,Peginterferon Beta-1a Injection
614060,Olaparib
614061,Blinatumomab Injection
614062,Peramivir Injection
615001,Caspofungin Injection
615002,Methamphetamine
615004,Tasimelteon
615005,Riociguat
615006,Nitroglycerin Spray
615007,Lanreotide Injection
615008,Pirfenidone
615009,Nintedanib
615010,Ceftolozane and Tazobactam Injection
615011,Secukinumab Injection
615012,Risperidone Injection
615013,Palbociclib
615014,Insulin Human Inhalation
615015,Lenvatinib
615016,Naloxegol
615018,Ceftazidime and Avibactam Injection
615019,Olodaterol Oral Inhalation
615020,Panobinostat
615021,Acetylcysteine Oral Inhalation
615022,Dinutuximab Injection
615023,Haloperidol Injection
615024,Propranolol (Infantile Hemangioma)
615025,Testosterone Nasal Gel
615026,Deoxycholic Acid Injection
615027,Ivabradine
615028,Human Papillomavirus (HPV) Vaccine
615029,Amiloride
615030,Isavuconazonium Injection
615031,Isavuconazonium
615032,Paliperidone Injection
615033,Macitentan
615034,Sonidegib
615035,Alirocumab Injection
615036,"Ombitasvir, Paritaprevir, and Ritonavir"
615037,Lumacaftor and Ivacaftor
615038,Olopatadine Nasal Spray
615039,Valsartan and Sacubitril
615040,Flibanserin
615041,Rolapitant
615042,Prednisolone
615043,Evolocumab Injection
615044,Daclatasvir
615045,Serogroup B Meningococcal Vaccine (MenB)
615046,Brexpiprazole
615047,Ziprasidone Injection
615048,Aripiprazole Injection
615049,Trifluridine and Tipiracil
615050,Cariprazine
615051,Penicillin G Benzathine Injection
615052,Penicillin G Procaine Injection
615053,Penicillin G Benzathine and Penicillin G Procaine Injection
615054,Eluxadoline
615055,Insulin Degludec (rDNA Origin) Injection
615057,Cobimetinib
615058,Mepolizumab Injection
615059,Trabectedin Injection
616001,Elotuzumab Injection
616002,Daratumumab Injection
616003,Naloxone Nasal Spray
616004,Amphetamine
616005,Osimertinib
616006,Talimogene Laherparepvec Injection
616007,Alectinib
616008,Ixazomib
616009,Necitumumab Injection
616010,Irinotecan Lipid Complex Injection
616011,Rifapentine
616012,Patiromer
616013,Polymyxin B and Trimethoprim Ophthalmic
616014,Cyclopentolate Ophthalmic
616015,Lesinurad
616016,Elbasvir and Grazoprevir
616017,Posaconazole Injection
616018,Amphotericin B Liposomal Injection
616019,Buprenorphine Buccal (chronic pain)
616020,Uridine Triacetate
616021,"Emtricitabine, Rilpivirine, and Tenofovir disoproxil fumarate"
616022,Dexamethasone Injection
616023,Reslizumab Injection
616024,Defibrotide Injection
616025,Ixekizumab Injection
616026,Brivaracetam Injection
616027,Brivaracetam
616028,Venetoclax
616029,Cobicistat
616030,Midodrine
616031,Selexipag
616032,Pimavanserin
616033,Obeticholic Acid
616034,Sofosbuvir and Velpatasvir
616035,Atezolizumab Injection
616036,Daclizumab Injection
616037,Cabozantinib
616038,Diphenhydramine Injection
616039,Lifitegrast Ophthalmic
616040,"Dasabuvir, Ombitasvir, Paritaprevir, and Ritonavir"
616041,Calcifediol
616042,Ergocalciferol
616043,Doxercalciferol
616044,Doxercalciferol Injection
616045,Dapsone Topical
616046,Furosemide Injection
616047,Methylnaltrexone
616048,"Efavirenz, Emtricitabine, and Tenofovir disoproxil fumarate"
616049,Phenylephrine Nasal Spray
616051,"Abacavir, Lamivudine, and Zidovudine"
616052,Tazarotene Topical
616053,Olaratumab Injection
617001,Hydrocortisone Rectal
617002,Rucaparib
617003,Bezlotoxumab Injection
617004,Cromolyn Ophthalmic
617005,Lixisenatide Injection
617006,Avelumab Injection
617007,Niraparib
617008,Ribociclib
617009,Brodalumab Injection
617010,Nusinersen Injection
617011,Etelcalcetide Injection
617012,Prasterone Vaginal
617013,Parathyroid Hormone Injection
617014,Aspirin and Omeprazole
617015,"Abacavir, Dolutegravir, and Lamivudine"
617016,Brigatinib
617017,Doxepin (Insomnia)
617018,Oxymetazoline Topical
617019,Crisaborole Topical
617020,Plecanatide
617021,Dupilumab Injection
617022,Deutetrabenazine
617023,Valbenazine
617024,Deflazacort
617025,Safinamide
617026,Ocrelizumab Injection
617027,Edaravone Injection
617028,Ammonium Lactate Topical
617029,Telotristat
617030,Durvalumab Injection
617031,Naldemedine
617032,Sarilumab Injection
617033,Midostaurin
617034,Neratinib
617035,L-glutamine
617036,Guselkumab Injection
617037,"Sofosbuvir, Velpatasvir, and Voxilaprevir"
617038,Abaloparatide Injection
617039,Glecaprevir and Pibrentasvir
617040,Enasidenib
617041,Inotuzumab Ozogamicin Injection
617042,Aprepitant/Fosaprepitant Injection
617043,Benznidazole
617044,Copanlisib Injection
617045,Daunorubicin and Cytarabine Lipid Complex Injection
617046,Delafloxacin
617047,Delafloxacin Injection
617048,Meropenem and Vaborbactam Injection
617049,Abemaciclib
617050,Betrixaban
617051,Metronidazole Vaginal
617052,Secnidazole
617053,Tisagenlecleucel Injection
618001,Latanoprostene Bunod Ophthalmic
618002,Benralizumab Injection
618003,Axicabtagene Ciloleucel Injection
618004,Acalabrutinib
618005,Gemtuzumab Ozogamicin Injection
618006,Letermovir
618007,Letermovir Injection
618008,Semaglutide Injection
618009,Tetrabenazine
618010,Ozenoxacin
618011,Ertugliflozin
618012,"Bictegravir, Emtricitabine, and Tenofovir Alafenamide"
618013,Ipratropium Nasal Spray
618014,Netarsudil Ophthalmic
618015,Buprenorphine Injection (opioid dependence)
618016,Glycopyrrolate Oral Inhalation
618017,"Fluticasone, Umeclidinium, and Vilanterol Oral Inhalation"
618018,Apalutamide
618019,Rolapitant Injection
618020,Ibalizumab-uiyk Injection
618021,Penicillamine
618022,Tezacaftor and Ivacaftor
618023,Recombinant Zoster (Shingles) Vaccine (RZV)
618024,Cholera Vaccine
618025,Fostamatinib
618026,Tildrakizumab-asmn injection
618027,Ciprofloxacin Otic
618028,"Efavirenz, Lamivudine, and Tenofovir disoproxil fumarate (DF)"
618029,Erenumab-aooe Injection
618030,"Neomycin, Polymyxin, Bacitracin, and Hydrocortisone Ophthalmic"
618031,"Neomycin, Polymyxin, and Hydrocortisone Otic"
618032,Avatrombopag
618033,Baricitinib
618034,Burosumab-twza Injection
618035,Sodium Zirconium Cyclosilicate
618036,Lofexidine
618037,Plazomicin Injection
618038,Eliglustat
618039,Lamivudine and Tenofovir
618040,Encorafenib
618041,Binimetinib
618042,Ivosidenib
618043,Lusutrombopag
618044,Elagolix
618045,"Darunavir, Cobicistat, Emtricitabine, and Tenofovir Alafenamide"
618046,Glycopyrronium Topical
618047,Eravacycline Injection
618048,Doravirine
618049,"Doravirine, Lamivudine, and Tenofovir disoproxil fumarate"
618050,Tafenoquine
618051,Cannabidiol
618052,Moxetumomab Pasudotox-tdfk Injection
618053,Fremanezumab-vfrm Injection
618054,Cemiplimab-rwlc Injection
618055,Dacomitinib
618056,Duvelisib
618057,Pegvaliase-pqpz Injection
618058,Clotrimazole Lozenge
618059,Clotrimazole Topical
618060,Miconazole Buccal
618061,Miconazole Topical
618062,Baloxavir Marboxil
618063,Galcanezumab-gnlm Injection
618064,Mogamulizumab-kpkc Injection
618065,Nystatin Topical
618066,Omadacycline
618067,Omadacycline Injection
618068,Sarecycline
618069,Stiripentol
618070,Talazoparib
619001,Cenegermin-bkbj Ophthalmic
619002,Epinephrine Oral Inhalation
619003,Gilteritinib
619004,Glasdegib
619005,Lorlatinib
619006,Larotrectinib
619007,Methoxy Polyethylene Glycol-Epoetin Beta Injection
619008,Paclitaxel (with albumin) Injection
619009,Revefenacin Oral Inhalation
619010,Rifamycin
619011,Prucalopride
619012,Alemtuzumab Injection (Multiple Sclerosis)
619013,"Magnesium Sulfate, Potassium Sulfate, and Sodium Sulfate"
619014,Ravulizumab-cwvz Injection
619015,Calaspargase pegol-mknl Injection
619017,Esketamine Nasal Spray
619018,Levodopa Oral Inhalation
619019,Magnesium Citrate
619020,Naltrexone and Bupropion
619021,PrabotulinumtoxinA-xvfs Injection
619022,Tagraxofusp-erzs Injection
619023,Atovaquone and Proguanil
619024,Emapalumab-lzsg Injection
619025,Loteprednol Ophthalmic
619026,Romosozumab-aqqg Injection
619027,Siponimod
619028,Testosterone
619029,Acyclovir Ophthalmic
619030,Caplacizumab-yhdp Injection
619031,Erdafitinib
619032,Esomeprazole Injection
619033,Gentamicin Topical
619034,Pantoprazole Injection
619035,Risankizumab-rzaa Injection
619036,Alpelisib
619037,Brexanolone Injection
619038,Cladribine
619039,Polatuzumab vedotin-piiq Injection
619040,Solriamfetol
619041,Trastuzumab and Hyaluronidase-oysk Injection
619042,Acyclovir Buccal
619043,Dolutegravir and Lamivudine
619044,Selinexor
619045,Darolutamide
619046,"Imipenem, Cilastatin, and Relebactam Injection"
619047,Rituximab and Hyaluronidase Human Injection
619048,Triclabendazole
619049,Entrectinib
619050,Pexidartinib
619051,Upadacitinib
619052,Glucagon Nasal Powder
619053,Istradefylline
619054,Bremelanotide Injection
619055,Pitolisant
619056,Pretomanid
619057,Semaglutide
619058,Fedratinib
619059,Lefamulin
619060,Lefamulin Injection
619061,"Elexacaftor, Tezacaftor, and Ivacaftor"
619062,Phenytoin Injection
619063,Fosphenytoin Injection
620001,Brolucizumab-dbll Injection
620002,Diroximel Fumarate
620003,Minocycline Topical
620004,Trifarotene Topical
620005,Enfortumab vedotin-ejfv Injection
620006,Fam-trastuzumab deruxtecan-nxki Injection
620007,Benzhydrocodone and Acetaminophen
620008,Cefiderocol Injection
620009,Zanubrutinib
620010,Crizanlizumab-tmca Injection
620011,Voxelotor
620012,Ganciclovir Ophthalmic
620013,Avapritinib
620014,Lumateperone
620015,Lasmiditan
620016,Ubrogepant
620017,Calcium Acetate
620018,Tazemetostat
620019,Asenapine Transdermal Patch
620020,Bempedoic Acid
620021,Cenobamate
620022,Eptinezumab-jjmr Injection
620023,Isatuximab-irfc Injection
620024,Meloxicam Injection
620025,Teprotumumab-trbw Injection
620026,Diazepam Nasal Spray
620027,Mitomycin Pyelocalyceal
620028,Pemigatinib
620029,Ozanimod
620030,Selumetinib
620031,Rimegepant
620032,Tucatinib
620033,Remdesivir Injection
620034,Sacituzumab govitecan-hziy Injection
620035,Ripretinib
620036,Selpercatinib
620038,Capmatinib
620039,Lemborexant
620040,Daratumumab and Hyaluronidase-fihj Injection
620041,Tolvaptan (kidney disease)
620042,"Elagolix, Estradiol, and Norethindrone"
620043,Luspatercept-aamt Injection
620044,Apomorphine Sublingual
620045,Fenfluramine
620046,Fostemsavir
620047,"Lactic Acid, Citric Acid, and Potassium Bitartrate Vaginal Contraceptive"
620048,"Pertuzumab, Trastuzumab, and Hyaluronidase-zzxf Injection"
620049,Lurbinectedin Injection
620050,Decitabine and Cedazuridine
620051,Octreotide
620052,Belantamab Mafodotin-blmf Injection
620053,Tafasitamab-cxix Injection
620054,Brexucabtagene Autoleucel Injection
620055,Capsaicin Topical
620056,Capsaicin Transdermal Patch
620057,Pralsetinib
620058,Cholecalciferol (Vitamin D3)
620059,Opicapone
620060,Azacitidine
620061,Nifurtimox
620062,Bamlanivimab Injection
620063,Casirivimab and Imdevimab Injection
620064,Metoclopramide Nasal Spray
620065,Satralizumab-mwge Injection
621001,"Calcium, Magnesium, Potassium, and Sodium Oxybate"
621002,"COVID-19 Vaccine, mRNA Bivalent (Moderna)"
621003,"COVID-19 Vaccine, mRNA, Bivalent (Pfizer-BioNTech)"
621004,Margetuximab-cmkb Injection
621005,Naxitamab-gqgk Injection
621006,Relugolix
621007,"COVID-19 Vaccine, Viral Vector (Janssen [Johnson and Johnson])"
621008,Bamlanivimab and Etesevimab Injection
621009,Cabotegravir and Rilpivirine Injection
621010,Cabotegravir
621011,Progestin-Only (drospirenone) Oral Contraceptives
621012,Tepotinib
621013,Tirbanibulin Topical
621014,Vericiguat
621015,Vibegron
621016,Acetaminophen Rectal
621017,Lisocabtagene Maraleucel Injection
621018,Tivozanib
621019,Umbralisib
621020,Trilaciclib Injection
621021,Aspirin Rectal
621022,Dasiglucagon Injection
621023,Evinacumab-dgnb Injection
621024,Idecabtagene Vicleucel Injection
621025,Ponesimod
621026,Serdexmethylphenidate and Dexmethylphenidate
621027,Viloxazine
621028,Vitamin A
621029,Vitamin E (Alpha-Tocopherol)
621030,Dostarlimab-gxly Injection
621031,Loncastuximab Tesirine-lpyl Injection
621032,Melphalan Flufenamide Injection
621033,Aducanumab-avwa Injection
621034,Amivantamab-vmjw Injection
621035,Cetirizine Ophthalmic
621036,Sotorasib
621037,Sotrovimab Injection
621038,Finerenone
621039,Ibrexafungerp
621040,Indomethacin Rectal
621041,Infigratinib
621042,Asparaginase Erwinia Chrysanthemi (recombinant)-rywn Injection
621043,Belumosudil
621044,Midazolam Nasal Spray
621045,Pegcetacoplan Injection
621046,Anifrolumab-fnia Injection
621047,Belzutifan
621048,Mobocertinib
621049,Odevixibat
621050,Ofatumumab Injection (Multiple Sclerosis)
621051,Olanzapine and Samidorphan
621052,Atogepant
621053,Ruxolitinib Topical
621054,Tisotumab vedotin-tftv
621055,Asciminib
621056,Maralixibat
621057,Varenicline Nasal Spray
621058,Tixagevimab and Cilgavimab
622001,Atazanavir and Cobicistat
622002,Dihydroergotamine Nasal Spray
622003,Darunavir and Cobicistat
622004,Ferric Citrate
622005,Nirmatrelvir and Ritonavir
622006,Sirolimus (with albumin) Injection
622007,Selexipag Injection
622008,Abrocitinib
622009,Inclisiran injection
622010,Tezepelumab Injection
622011,Tralokinumab-ldrm injection
622012,Vosoritide
622013,Levetiracetam Injection
622014,Bebtelovimab Injection
622015,C1-Esterase Inhibitor (Recombinant) Injection
622016,C1-Esterase Inhibitor Human Injection
622017,Lonapegsomatropin-tcgd injection
622018,Mitapivat
622019,Ropeginterferon alfa-2b
622020,Somapacitan-beco Injection
622021,Voclosporin
622022,Somatropin Injection
622023,Avacopan
622024,Canakinumab Injection
622025,Levoketoconazole
622026,Mecasermin Injection
622027,Molnupiravir
622028,Monomethyl Fumarate
622029,Pasireotide Injection
622030,Rilonacept Injection
622032,Tafamidis
622033,Tebentafusp injection
622034,Daridorexant
622035,Lanadelumab-flyo injection
622036,Lonafarnib
622037,Nivolumab and relatlimab-rmbw
622038,Treprostinil Injection
622039,Treprostinil Oral Inhalation
622040,Treprostinil
622041,Ciltacabtagene Autoleucel Injection
622042,Epoprostenol
622043,Pacritinib
622044,Tirzepatide injection
622045,Allopurinol Injection
622046,Emicizumab-kxwh Injection
622047,Mavacamten
622048,Sutimlimab-jome Injection
622049,Tapinarof Topical
622050,Vonoprazan and Amoxicillin
622051,"Vonoprazan, Clarithromycin, and Amoxicillin"
622052,Smallpox/Mpox Vaccine
622053,Cabotegravir Injection
622054,"COVID-19 Vaccine, Adjuvanted"
622055,Difelikefalin Injection
622056,Edaravone Oral
622057,Efgartigimod alfa-fcab Injection
622058,Ganaxolone
622059,Setmelanotide Injection
622060,Tenapanor (Ibsrela)
622061,Vutrisiran Injection
622062,Amisulpride Injection
622063,Lutetium Lu 177 Vipivotide Tetraxetan Injection
622064,Oliceridine Injection
622065,Betibeglogene autotemcel Injection
622066,DaxibotulinumtoxinA-lanm
622067,Deucravacitinib
622068,Mycophenolate Injection
622069,"Relugolix, Estradiol, and Norethindrone"
622070,Dextromethorphan and Bupropion
622071,Elivaldogene autotemcel Injection
622072,Futibatinib
622073,Omidenepag Isopropyl Ophthalmic
622074,Dexmedetomidine Sublingual and Buccal
622075,Mirvetuximab soravtansine-gynx Injection
622076,Teclistamab-cqyv Injection
622077,Teplizumab-mzwv injection
622078,Tremelimumab-actl Injection
623001,Etranacogene dezaparvovec-drlb Injection
623002,Olutasidenib
623003,Adagrasib
623004,Lecanemab-irmb Injection
623005,Lenacapavir Injection
623006,Lenacapavir
623007,Mosunetuzumab-axgb Injection
623008,Ublituximab-xiiy injection
623009,Budesonide and Albuterol Oral Inhalation
623010,Daprodustat
623011,Elacestrant
623012,Pirtobrutinib
623013,Progesterone Vaginal
623014,Sodium Phenylbutyrate and Taurursodiol
623015,Velmanase alfa
623016,Leniolisib
623017,Retifanlimab-dlwr Injection
623018,Sparsentan
623019,Trofinetide
623020,Amikacin Oral Inhalation
623021,Rezafungin Injection
623022,Budesonide and Formoterol Oral Inhalation
623023,Epcoritamab-bysp Injection
623024,Tofersen Injection
623025,Agalsidase beta Injection
623026,Beremagene geperpavec-svdt
623027,Bexagliflozin
623028,Buprenorphine Injection (Pain Relief)
623029,Nalmefene Injection
623030,Nalmefene Nasal Spray
623031,Pegunigalsidase alfa-iwxj Injection
623032,Nebivolol and Valsartan
623033,Nirsevimab-alip
623034,Quizartinib
623035,RSV (Respiratory Syncytial Virus) Vaccine
623036,Icatibant injection
623037,Niraparib and Abiraterone
623038,Palovarotene
623039,Progestin-Only (norgestrel) Oral Contraceptives
623040,Rozanolixizumab-noli
623041,Somatrogon-ghla injection
623042,"COVID-19 Vaccine, mRNA"
623043,Cetirizine
623044,Cantharidin Topical
623045,Elranatamab-bcmm
623046,Glofitamab-gxbm
623047,Talquetamab-tgvs
623048,Zuranolone
623049,Bimekizumab-bkzx injection
623050,Etrasimod
623051,Fezolinetant
623052,Gepirone
623053,Momelotinib
623054,Perfluorohexyloctane ophthalmic
623055,Pozelimab-bbfg Injection
623056,Capivasertib
623057,Cipaglucosidase alfa-atga
623058,Delandistrogene moxeparvovec-rokl Injection
623059,Durlobactam Injection and Sulbactam Injection
623060,Fruquintinib
623061,Mirikizumab-mrkz Injection
623062,Nadofaragene firadenovec-vncg Intravesical
623063,Repotrectinib
623064,Valoctocogene roxaparvovec-rvox Injection
623065,Zavegepant Nasal Spray
624001,Efbemalenograstim alfa-vuxw Injection
624002,Zilucoplan Injection
624003,Tenapanor (Xphozah)
624004,Toripalimab-tpzi Injection
624005,Vamorolone
624006,Vonoprazan
624007,Berdazimer Topical
624008,Eflornithine
624009,Iptacopan
624010,Nedosiran Injection
624011,Nirogacestat
624012,"Omeprazole, Clarithromycin, and Amoxicillin"
624013,Budesonide Oral Suspension (Eosinophilic Esophagitis)
624014,Methadone Injection
624015,Ritlecitinib
624016,Birch Triterpenes Topical
624017,Eplontersen injection
624018,Exagamglogene autotemcel
624019,Lifileucel Injection
624020,Lovotibeglogene autotemcel Injection
624021,Resmetirom
624022,Sotagliflozin
624023,Aprocitentan
624024,Atidarsagene Autotemcel Injection
624025,Givinostat
624026,Tislelizumab-jsgr injection
624027,Diazepam Buccal
624028,Fidanacogene elaparvovec-dzkt Injection
624029,Macitentan and Tadalafil
624030,Oteseconazole
624031,Pivmecillinam
624032,Tovorafenib
624033,Vadadustat
624034,Nogapendekin alfa inbakicept-pmln Intravesical
624035,Imetelstat Injection
624036,Mavorixafor
624037,Tarlatamab-dlle Injection
624038,Dolutegravir and Rilpivirine
624039,Elafibranor
624040,Ensifentrine Oral Inhalation
624041,"RSV (Respiratory Syncytial Virus) Vaccine, mRNA"
624042,Afamitresgene Autoleucel Injection
624043,Axatilimab-csfr Injection
624044,Benzgalantamine
624045,Cerliponase alfa Injection
624046,Crovalimab-akkz injection
624047,Deuruxolitinib
624048,Donanemab-azbt injection
624049,Epinephrine Nasal Spray
624050,Micafungin Injection
624051,Palopegteriparatide Injection
624052,Sofpironium
624053,Sotatercept-csrk Injection
624054,Spesolimab-sbzo injection
624055,Vorasidenib
624056,Azithromycin ophthalmic
624057,Efgartigimod alfa and Hyaluronidase-qvfc Injection
624058,Lazertinib
624059,Nemolizumab-ilto injection
624060,Peanut (Arachis hypogaea) Allergen Powder-dnfp
624061,Pemivibart injection
624062,Seladelpar
624063,Levacetylleucine
624064,Lebrikizumab-lbkz Injection
624065,Arimoclomol
624066,Motixafortide Injection
624067,Anacaulase-bcdb topical
624068,Inavolisib
624069,Ocrelizumab and hyaluronidase-ocsq injection
624070,Xanomeline and trospium chloride
624071,Marstacimab-hncq injection
624072,Zolbetuximab-clzb Injection
624073,Faricimab-svoa Injection
624074,Atezolizumab and hyaluronidase-tqjs Injection
624075,Foscarbidopa and Foslevodopa Injection
624076,Gadolinium-based Contrast Agents
624077,Revumenib
624078,Zanidatamab-hrli Injection
624079,Immune Globulin Intramuscular (Human)
624080,Eladocagene exuparvovec-tneq Injection
624081,Estrogen and Progestin Transdermal Patch (Hormone Replacement Therapy)
624082,Immune Globulin Intravenous (Human)(IVIG)
624083,Immune Globulin Subcutaneous (Human)
624084,Obecabtagene Autoleucel Injection
625001,Alteplase Injection
625002,Cosibelimab-ipdl Injection
625003,Dexmedetomidine Injection
625004,Ensartinib
625005,Fentanyl Injection
625006,Propofol Injection
625007,Tenecteplase Injection
625008,Sugammadex Injection
625009,Crinecerfont
625010,Terlipressin Injection
625011,Zenocutuzumab-zbco Injection
625012,Sulopenem etzadroxil and Probenecid
625013,Acoramidis
625014,Aminolevulinic acid
625015,Chlorhexidine mouth rinse
625016,Chlorhexidine Topical
625017,Cyanocobalamin (Vitamin B12)
625018,Dobutamine Injection
625019,Norepinephrine Injection
625020,Olezarsen Injection
625021,Potassium Chloride Injection
625022,Prenatal Vitamins
625023,Potassium and Sodium Phosphates
625024,Remestemcel-l-rknd Injection
625025,Sodium Bicarbonate Injection
625026,Bupivacaine Injection
625027,Bupivacaine Liposomal Injection
625028,Triamcinolone Injection
625029,Nivolumab and hyaluronidase-nvhy Injection
625030,Datopotamab deruxtecan-dlnk Injection
625031,Anti-thymocyte Globulin (Equine) Injection
625032,Lidocaine and Prilocaine Topical
625033,Meloxicam and Rizatriptan
625034,Podofilox Topical
625035,Porfimer Injection
625036,Calcium Injection
625037,Lidocaine Injection (antiarrhythmic)
625038,Reteplase Injection
625039,Suzetrigine
625040,Concizumab-mtci Injection
625041,Alpha-1-Proteinase Inhibitor (Human)
625042,Ferric Derisomaltose Injection
625043,Mirdametinib
625044,Chenodiol
625045,Estetrol and Drospirenone (Oral Contraceptives)
625046,Ethinyl Estradiol and Desogestrel (Oral Contraceptive)
625047,Ethinyl Estradiol and Drosperinone (Oral Contraceptive)
625048,"Ethinyl Estradiol,  Drospirenone, and Levomefolate (Oral Contraceptives)"
625049,Ethinyl Estradiol and Levonorgestrel (Oral Contraceptives)
625050,Ethinyl Estradiol and Norgestimate (Oral Contraceptives)
625051,Ethinyl Estradiol and Norgestrel (Oral Contraceptives)
625052,Radium Ra 223 Injection
625053,Oxycodone Combination Products
625054,Aztreonam and Avibactam Injection
625056,Ethinyl Estradiol and Ethynodiol Diacetate (Oral Contraceptives)
625057,Etonogestrel Implant
625058,Fitusiran Injection
625059,Gepotidacin
625060,Landiolol Injection
625061,Lidocaine Injection (local anesthetic)
625062,"Omeprazole, Amoxicillin, and Rifabutin"
625063,Revakinagene Taroretcel-lwey Implant
625064,Risdiplam
625065,Treosulfan Injection
625066,"Vanzacaftor, Tezacaftor, and Deutivacaftor"
625067,Vimseltinib
625068,Penpulimab-kcqx Injection
625069,Osilodrostat
625070,Atrasentan
625071,Acoltremon Ophthalmic
625072,Avutometinib and Defactinib
625073,Diazoxide Choline
625074,Inebilizumab-cdon Injection
625075,"Emtricitabine, Rilpivirine, and Tenofovir alafenamide"
625076,"Elvitegravir, Cobicistat, Emtricitabine, and Tenofovir Alafenamide (AF)"
625077,Emtricitabine and Tenofovir alafenamide
625078,Nipocalimab-aahu Injection
625079,Prademagene zamikeracel topical
625080,Telisotuzumab vedotin-tllv Injection
625081,Tenofovir disproxil fumarate
625082,Clesrovimab-cfor Injection
625083,Garadacimab-gxii Injection
625084,Mitomycin Intravesical
625085,Linvoseltamab-gcpt Injection
625086,Ranibizumab Implant
625087,Sebetralstat
625088,Sunvozertinib
625089,Taletrectinib
625090,Cosyntropin Injection
625091,Aceclidine Ophthalmic
625092,Nitisinone
625093,Zongertinib
625094,Delgocitinib Topical
625095,Sepiapterin
625096,Pentazocine and Naloxone
625097,Dordaviprone
625098,Donidalorsen Injection
625099,Brensocatib
625100,Gemcitabine Intravesical System
625101,Migalastat
625102,Rilzabrutinib
625103,Elamipretide Injection
625104,Imlunestrant
625105,Moxidectin
625106,Paltusotine
625107,Nerandomilast
625108,Roflumilast topical
625109,Bumetanide Nasal Spray
625110,Deferoxamine Injection
625111,Pembrolizumab and Berahyaluronidase alfa-pmph Injection
625112,Cyclobenzaprine Sublingual
625113,Elinzanetant
625114,Iloprost Injection
625115,Phenylephrine Ophthalmic
625116,Remibrutinib
625117,Tropicamide Ophthalmic
625118,Fosfomycin Injection
625119,Riboflavin 5'-phosphate ophthalmic
626001,Glycerol Phenylbutyrate
626002,Milrinone Injection
626003,Ketamine Injection
626004,Tobramycin Oral Inhalation
626005,Ziftomenib
626006,Plozasiran Injection
626007,Sevabertinib
626008,Sibeprenlimab-szsi Injection
626009,Onasemnogene abeparvovec-xioi Injection
626010,Doxecitine and doxribtimine
626011,Berotralstat
626012,Omidubicel-onlv Injection
626013,Phendimetrazine
626014,Benzphetamine
626015,Etripamil nasal spray
626016,Etuvetidigene autotemcel injection
626017,Zoliflodacin
626018,Lerodalcibep-liga Injection
626019,Depemokimab-ulaa Injection
626020,Anti-thymocyte Globulin (Rabbit) Injection
626021,Aficamten
626023,Ferric Maltol
626024,Tradipitant
626025,Narsoplimab-wuug Injection
626026,Phytonadione Injection
626027,Copper Histidinate Injection
626028,Multivitamin
626029,Thyrotropin alfa Injection
626030,Carbachol and Brimonidine Ophthalmic
626031,Bupivacaine and Meloxicam
626032,Difamilast Topical
626033,Milsaperidone
