name,pharmacodynamics
Alteplase,Alteplase binds to fibrin and plasminogen. Alteplase specificity for fibrin is achieved thanks to its high affinity for lysine residues. Also it can bind plasminogen via loop structures called kringles stabilized by three disulphide linkages similar to the ones in plasminogen. The specificity of alteplase for plasminogen bound to fibrin allows this drug to act in a clot- or fibrin-specific manner leading to low concentrations of circulating plasmin and a lower risk of hemorrhagic transformation.[A252270A252330] In patients with acute myocardial infarction alteplase reduces fibrinogen levels 3 to 6 hours after treatment. In patients with acute ischemic stroke patients treated with alteplase have a significantly higher resolution of hyperdense artery sign a marker of clot formation in the proximal middle cerebral artery compared to those treated with placebo.[A252330] The use of alteplase increases the risk of bleeding and thromboembolic events. Rare cases of cholesterol embolism have also been reported.[L43125]
Interferon gamma-1b,IFN gamma stimulates expression of the immunoglobulin heavy chain C gamma 3 and C gamma 2a germline transcripts in B cells. Many components of the antigen presentation pathways are also up-regulated by interferon gamma. It is also a potent activator of macrophages it has antiproliferative effects on transformed cells and it can potentiate the antiviral and antitumor effects of type I interferons. Interferon gamma may also help the body regulate the activity of fibroblasts. By directly blocking the multiplication of fibroblasts and inhibiting the production and action of TGF-b a potent scar-inducing molecule Interferon gamma-1b may prevent excessive scarring.
Aldesleukin,-1
Insulin lispro,Insulin is a natural hormone produced by beta cells of the pancreas. In non-diabetic individuals a basal level of insulin is supplemented with insulin spikes following meals. Increased insulin secretion following meals is responsible for the metabolic changes that occur as the body transitions from a postabsorptive to absorptive state. Insulin promotes cellular uptake of glucose particularly in muscle and adipose tissues promotes energy storage via glycogenesis opposes catabolism of energy stores increases DNA replication and protein synthesis by stimulating amino acid uptake by liver muscle and adipose tissue and modifies the activity of numerous enzymes involved in glycogen synthesis and glycolysis. Insulin also promotes growth and is required for the actions of growth hormone (e.g. protein synthesis cell division DNA synthesis). Insulin lispro is a rapid-acting insulin analogue used to mimic postprandial insulin spikes in diabetic individuals. The onset of action of insulin lispro is 10-15 minutes. Its activity peaks 60 minutes following subcutaneous injection and its duration of action is 4-5 hours. Compared to regular human insulin insulin lispro  has a more rapid onset of action and a shorter duration of action. Insulin lispro is also shown to be equipotent to human insulin on a molar basis.  Insulin lispro has been shown to be equipotent to human insulin on a molar basis. One unit of insulin lispro has the same glucose-lowering effect as one unit of regular human insulin. Studies in normal volunteers and patients with diabetes demonstrated that insulin lispro has a more rapid onset of action and a shorter duration of activity than regular human insulin when given subcutaneously.[L47616]The pharmacodynamics of a single 20 unit dose of insulin lispro at 200 units/mL (HUMALOG U-200) administered subcutaneously were compared to the pharmacodynamics of a single 20 unit dose of insulin lispro at 100 units/mL (HUMALOG U-100) administered subcutaneously in a euglycemic clamp study enrolling healthy subjects. In this study the overall maximum and time to maximum glucose lowering effect were similar between HUMALOG U-200 and HUMALOG U-100. The mean area under the glucose infusion rate curves (measure of overall pharmacodynamic effect) were 125 g and 126 g for HUMALOG U-200 and HUMALOG U-100 respectively. The maximum glucose infusion rate was 534 mg/min and 559 mg/min and the corresponding median time (min max) to maximum effect were 2.8 h (0.5 h – 6.3 h) and 2.4 h (0.5 h – 4.7 h) for HUMALOG U-200 and HUMALOG U-100 respectively.[L47616] 
Adalimumab,After treatment with adalimumab a decrease in levels of acute phase reactant proteins of inflammation (C­ reactive protein [CRP] and erythrocyte sedimentation rate [ESR]) and serum cytokines (IL-6) was measured compared to baseline in patients diagnosed with rheumatoid arthritis. A decrease in CRP levels was also observed in patients diagnosed with Crohn’s disease. Serum levels of matrix metalloproteinases (MMP-1 and MMP-3) that lead to the tissue remodeling responsible for cartilage destruction were also found to be decreased after administration of adalimumab.[L35370] A reduction in signs and symptoms of disease the induction of clinical response inhibition of structural damage and improvements in physical function in adult and pediatric patients with various inflammatory conditions have been demonstrated.[A39983 A39999 L35370]
Agalsidase beta,Agalsidase beta is a recombinant human α-galactosidase A used as enzyme replacement therapy in the treatment of Fabry disease.[L16398] It has a long duration of action and a wide therapeutic index.[L16383] Patients should be counselled regarding the risk of infusion related reactions and hypersensitivity.[L16383]
Baclofen,-1
Amphetamine,From its mechanism of action it has been demonstrated that amphetamine augments the concentration of noradrenaline in the prefrontal cortex and dopamine in the striatum on a dose and time-dependent manner. The indistinct release of neurotransmitters which include adrenaline is known to produce cardiovascular side effects.[A174214] There are old reports of a cognitive enhancement related to the administration of amphetamine in which improvements in intelligence test scores were reported.[A174196]In ADHD amphetamine has been largely showed to produce remarkable improvements in school performance behavior and demeanor.[A18540] The effect was shown to be produced through both racemic forms and to this date the use of racemic forms 3:1 (D:L) is very common.[A174199] The therapeutic effect of amphetamine on serotonin does not seem to have a significant clinical effect on ADHD as observed on comparative studies with amphetamine and fenfluramine a powerful serotonin releasing factor. However the indirect effect on serotonin might have an effect on the depression and anxiety profile of ADHD.[A174241]Studies regarding the illicit use of amphetamine in which heavy consumers were studied proved the generation of a paranoid state which flagged this drug as a psychiatric danger compound.[L5197] This observation was supported by the continuous reports of misuse in patients under depression.[A18540]
Phentermine,It is reported that the main mechanism of action of phentermine is the generation of appetite suppression maybe due to the increase in leptin but it is considered that other mechanisms should be involved.[A174370] Some reports have indicated that the weight loss effect is mainly due to the increase in resting energy expenditure.[A174367]In clinical studies where phentermine was used as a monotherapy and as combination therapy this drug has shown an average weight loss of 3.6 kg when compared with the placebo in 2-24 weeks. Patients treated with phentermine also showed increased maintenance of the weight after treatment discontinuation.[A174367] As well even though it is a derivative of the amphetamines it has not been registered to produce any of the effects of amphetamine such as central nervous system stimulation elevation of blood pressure tachyphylaxis or QTc prolongation.[A174370]
Adapalene,Adapalene is anticomedogenic preventing the formation of new comedones and inflammatory lesions and also acts to reduce inflammation by modulating the innate immune response.[A193512] Like other retinoid compounds adapalene is chemically stable but photosensitive; use with sunscreen is recommended. Minor skin irritations including erythema scaling dryness and stinging/burning have been reported.[L12873]
Dapsone,Dapsone is a sulfone with anti-inflammatory immunosuppressive properties as well as antibacterial and antibiotic properties. Dapsone is the principal drug in a multidrug regimen recommended by the World Health Organization for the treatment of leprosy. As an anti-infective agent it is also used for treating malaria and recently for Pneumocystic carinii pneumonia in AIDS patients. Dapsone is absorbed rapidly and nearly completely from the gastrointestinal tract. Dapsone is distributed throughout total body water and is present in all tissues. However it tends to be retained in skin and muscle and especially in the liver and kidney: traces of the drug are present in these organs up to 3 weeks after therapy cessation.
Doxycycline,Doxycycline and other tetracyclines are mainly bacteriostatic and are thought to exert antimicrobial effects by the inhibition of protein synthesis. They suppress the growth of bacteria or keep them in the stationary phase of growth.[A174025] Tetracyclines have antimicrobial spectrum of activity against a variety of gram-positive and gram-negative microorganisms.[L42870] Cross-resistance of these microorganisms to tetracyclines is a common occurrence.[L42870] As it is a highly lipophilic drug doxycycline crosses multiple membranes of target molecules.[A251730] Doxycycline shows favorable intra-cellular penetration with bacteriostatic activity against a wide range of bacteria.[A174028] Doxycycline also exhibits antiparasitic properties [A372 A373 A174025] and anti-inflammatory actions.[A174031 A251730] Its anti-inflammatory effects were investigated in various inflammatory skin conditions such as bullous dermatoses [A251730] and rosacea.[A174031 A251730]
Anagrelide,Anagrelide decreases platelet counts by suppressing transcription factors necessary for the synthesis and maturation of platelet-producing cells.[L14153] The drug itself appears to have a relatively short residence time in the body necessitating twice or four times daily dosing. However given that the pharmacological effect of anagrelide therapy is reliant on a gradual suppression of platelet-producing cells it may take 7 to 14 days[L14300] for its administration to be reflected in reduced platelet counts - for this reason any changes to anagrelide doses should not exceed 0.5 mg/day in any one week.[L14153]Evidence from animal studies suggests anagrelide may impair female fertility.[L14153] Female patients of reproductive age should be advised of the potential for adverse effects on fertility prior to initiating therapy.
Theophylline,Theophylline an xanthine derivative chemically similar to caffeine and theobromine is used to treat asthma and bronchospasm. Theophylline has two distinct actions in the airways of patients with reversible (asthmatic) obstruction; smooth muscle relaxation (i.e. bronchodilation) and suppression of the response of the airways to stimuli (i.e. non-bronchodilator prophylactic effects).
Acarbose,Acarbose is a complex oligosaccharide that competitively inhibits the ability of brush-border alpha-glucosidase enzymes to break down ingested carbohydrates into absorbable monosaccharides reducing carbohydrate absorption and subsequent postprandial insulin levels.[A37868] Acarbose requires the co-administration of carbohydrates in order to exert its therapeutic effect and as such should be taken with the first bite of a meal three times daily.[L31633]Given its mechanism of action acarbose in isolation poses little risk of contributing to hypoglycemia - this risk is more pronounced however when acarbose is used in conjunction with other antidiabetic therapies (e.g. sulfonylureas insulin).[L31633] Patients maintained on acarbose in addition to other antidiabetic agents should be aware of the symptoms and risks of hypoglycemia and how to treat hypoglycemic episodes. There have been rare post-marketing reports of the development of pneumatosis cystoides intestinalis following treatment with alpha-glucosidase inhibitors - patients experiencing significant diarrhea/constipation mucus discharge and/or rectal bleeding should be investigated and if pneumatosis cystoides intestinalis is suspected should discontinue therapy.[L31628]
Acetaminophen,Animal and clinical studies have determined that acetaminophen has both antipyretic and analgesic effects. This drug has been shown to lack anti-inflammatory effects. As opposed to the _salicylate_ drug class acetaminophen does not disrupt tubular secretion of uric acid and does not affect acid-base balance if taken at the recommended doses.[F4124] Acetaminophen does not disrupt hemostasis and does not have inhibitory activities against platelet aggregation.[L4396F4124] Allergic reactions are rare occurrences following acetaminophen use.[F4124] 
Metformin,**General effects**Insulin is an important hormone that regulates blood glucose levels.[T514] Type II diabetes is characterized by a decrease in sensitivity to insulin resulting in elevations in blood glucose when the pancreas can no longer compensate. In patients diagnosed with type 2 diabetes insulin is unable to exert adequate effects on tissues and cells (i.e. insulin resistance)[T514] and insulin deficiency may also be present.[L5753]Metformin reduces hepatic production of glucose decreases the intestinal absorption of glucose and enhances insulin sensitivity by increasing both peripheral glucose uptake and utilization. In contrast with drugs of the sulfonylurea class which lead to hyperinsulinemia the secretion of insulin is unchanged with metformin use.[L12207]**Effect on fasting plasma glucose (FPG) and Glycosylated hemoglobin (HbA1c)**HbA1c is an important periodic measure of glycemic control used to monitor diabetic patients. Fasting plasma glucose is also a useful and important measure of glycemic control. In a 29-week clinical trial of subjects diagnosed with type II diabetes metformin decreased the fasting plasma glucose levels by an average of 59 mg/dL from baseline compared to an average increase of 6.3 mg/dL from baseline in subjects taking a placebo.[L12207]  Glycosylated hemoglobin (HbA1c) was decreased by about 1.4% in subjects receiving metformin and increased by 0.4% in subjects receiving placebo only.[L12207]
Doxylamine,Doxylamine is an antihistamine commonly used as a sleep aid. This drug is also used to relieve symptoms of hay fever (allergic rhinitis) hives (rash or itching) and other allergic reactions. Doxylamine is a member of the ethanolamine class of antihistamines and has anti-allergy power far superior to virtually every other antihistamine on the market with the exception of diphenhydramine (Benadryl). It is also the most powerful over-the-counter sedative available in the United States and more sedating than many prescription hypnotics. In a study it was found to be superior to even the barbiturate phenobarbital for use as a sedative. Doxylamine is also a potent anticholinergic.
Phenylephrine,Phenylephrine is an alpha-1 adrenergic agonist that raises blood pressure[L9416L9410] dilates the pupils[L9413] and causes local vasoconstriction.[A187370] Ophthalmic formulations of phenylephrine act for 3-8 hours[L9413] while intravenous solutions have an effective half life of 5 minutes and an elimination half life of 2.5 hours.[A187379L9416] Patients taking ophthalmic formulations of phenylephrine should be counselled about the risk of arrhythmia hypertension and rebound miosis.[L9413] Patients taking an intravenous formulation should be counselled regarding the risk of bradycardia allergic reactions extravasation causing necrosis or tissue sloughing and the concomitant use of oxytocic drugs.[L9416L9410]
Spironolactone,Spironolactone has a potassium-sparing diuretic effect. It promotes sodium and water excretion and potassium retention. It increases renin and aldosterone levels.[A11837] Spironolactone is a mineralocorticoid receptor antagonist and has a low affinity for the glucocorticoid receptor.[A11834] It also exhibits progestogenic and anti-androgenic actions as it binds to the androgen receptor and to a lesser extent estrogen and progesterone receptors.[A11837 A178192 A261025] Spironolactone exhibits anti-inflammatory effects.[A178192]
Methylphenidate,Methylphenidate is a racemic mixture comprised of the d- and l-isomers. The d-isomer is more pharmacologically active than the l-isomer. Radioligand binding studies demonstrate that binding of methylphenidate in the brain is localized to dopamine-rich areas in particular in the prefrontal cortex which has been demonstrated to play a prominent role in ADHD pathophysiology.[A177547] In a number of animal models methylphenidate enhances locomotor activity and induces stereotypic behaviours. 
Dipivefrin,Dipivefrin is a member of a class of drugs known as prodrugs. Prodrugs are usually not active in themselves and require biotransformation to the parent compound before therapeutic activity is seen. These modifications are undertaken to enhance absorption decrease side effects and enhance stability and comfort thus making the parent compound a more useful drug. Enhanced absorption makes the prodrug a more efficient delivery system for the parent drug because less drug will be needed to produce the desired therapeutic response. Dipivefrin is a prodrug of epinephrine formed by the diesterification of epinephrine and pivalic acid. The addition of pivaloyl groups to the epinephrine molecule enhances its lipophilic character and as a consequence its penetration into the anterior chamber.
Loratadine,Like other 2nd generation antihistamines loratadine is selective for peripheral H1 receptors.[A5506] Loratadine does not penetrate effectively into the central nervous system and has poor affinity for CNS H1-receptors.[A5506] These qualities result in a lack of CNS depressant effects such as drowsiness sedation and impaired psychomotor function.[A5506]
Acitretin,Acitretin is a retinoid. Retinoids have a structure similar to vitamin A and are involved in the normal growth of skin cells. Acitretin works by inhibiting the excessive cell growth and keratinisation (process by which skin cells become thickened due to the deposition of a protein within them) seen in psoriasis. It therefore reduces the thickening of the skin plaque formation and scaling.
Ketorolac,Ketorolac is a non-selective NSAID and acts by inhibiting both COX-1 and COX-2 enzymes which are normally responsible for converting arachidonic acid to prostaglandins. The COX-1 enzyme is constitutively active and can be found in platelets gastric mucosa and vascular endothelium. On the other hand the COX-2 enzyme is inducible and mediates inflammation pain and fever.  As a result inhibition of the COX-1 enzyme is linked to an increased risk of bleeding and risk of gastric ulceration while the desired anti-inflammatory and analgesic properties are linked to inhibition of the COX-2 enzyme.[A176134] Therefore despite it's effectiveness in pain management ketorolac should not be used long-term since this increases the risk of serious adverse effects such as gastrointestinal bleeding peptic ulcers and perforations.[A178678]
Chlordiazepoxide,"Chlordiazepoxide has antianxiety sedative appetite-stimulating and weak analgesic actions. The drug seems to block EEG arousal from stimulation in the brain stem reticular formation. The drug has been studied extensively in many species of animals and these studies are suggestive of action on the limbic system of the brain which recent evidence indicates is involved in emotional responses. Hostile monkeys were made tame by oral drug doses which did not cause sedation. Chlordiazepoxide revealed a ""taming"" action with the elimination of fear and aggression. The taming effect of chlordiazepoxide was further demonstrated in rats made vicious by lesions in the septal area of the brain. The drug dosage which effectively blocked the vicious reaction was well below the dose which caused sedation in these animals."
Albendazole,Albendazole is a broad-spectrum anthelmintic. The principal mode of action for albendazole is by its inhibitory effect on tubulin polymerization which results in the loss of cytoplasmic microtubules.
Tolnaftate,Tolnaftate is a synthetic over-the-counter anti-fungal agent.
Zafirlukast,Zafirlukast is a synthetic selective peptide leukotriene receptor antagonist (LTRA) indicated for the prophylaxis and chronic treatment of asthma. Patients with asthma were found in one study to be 25-100 times more sensitive to the bronchoconstricting activity of inhaled LTD<sub>4</sub> than nonasthmatic subjects. <i>In vitro</i> studies demonstrated that zafirlukast antagonized the contractile activity of three leukotrienes (LTC<sub>4</sub> LTD<sub>4</sub> and LTE<sub>4</sub>) in conducting airway smooth muscle from laboratory animals and humans. Zafirlukast prevented intradermal LTD<sub>4</sub>-induced increases in cutaneous vascular permeability and inhibited inhaled LTD<sub>4</sub>-induced influx of eosinophils into animal lungs.
Methotrexate,Methotrexate inhibits enzymes responsible for nucleotide synthesis which prevents cell division and leads to anti-inflammatory actions.[A180322] It has a long duration of action and is generally given to patients once weekly.[A180322L7144L7147L7150] Methotrexate has a narrow therapeutic index.[A180325]Do not take methotrexate daily.[L7147L7150]
Acamprosate,Acamprosate acts on the CNS aiding in the restoration of normal glutaminergic neuron activity.[A993] Pharmacodynamic studies have shown that acamprosate calcium reduces alcohol intake in alcohol-dependent individuals likely through effects on NMDA receptors and calcium channels.[A229038]   It is a safe and well-tolerated drug for patients with alcohol dependency and improves the likelihood of alcohol abstinence.[A993L31758] 
Imiquimod,Imiquimod is an immune response modifier that acts as a toll-like receptor 7 agonist. Imiquimod is commonly used topically to treat warts on the skin of the genital and anal areas. Imiquimod does not cure warts and new warts may appear during treatment. Imiquimod does not fight the viruses that cause warts directly however it does help to relieve and control wart production. It is not used on warts inside the vagina penis or rectum. Imiquimod is also used to treat a skin condition of the face and scalp called actinic keratoses. Imiquimod can also be used to treat certain types of skin cancer called superficial basal cell carcinoma. Imiquimod is particularly useful on areas where surgery or other treatments may be difficult complicated or otherwise undesirable especially the face and lower legs.
Hydrocortisone,Hydrocortisone binds to the glucocorticoid receptor leading to downstream effects such as inhibition of phospholipase A2 NF-kappa B other inflammatory transcription factors and the promotion of anti-inflammatory genes.[A187463] Hydrocortisone has a wide therapeutic index[A188405] and a moderate duration of action.[A188354A188381] Patients should stop taking the medication if irritation or sensitization occurs.[L10529L10532L10535L10538L7772L7321]
Tetracycline,Tetracycline is a short-acting antibiotic that  inhibits bacterial growth by inhibiting translation. It binds to the 30S ribosomal subunit and prevents the amino-acyl tRNA from binding to the A site of the ribosome. It also binds to some extent to the 50S ribosomal subunit. This binding is reversible in nature. Additionally tetracycline may alter the cytoplasmic membrane of bacteria causing leakage of intracellular contents such as nucleotides from the cell. 
Acyclovir,Acyclovir is a deoxynucleoside analog that inhibits the action of viral DNA polymerase and DNA replication of different herpesvirus.[L7303L7315L7318L7321L7324L7327] Acyclovir has a wide therapeutic window as overdose is rare in otherwise healthy patients.[L7315]
Naproxen,Naproxen is an established non-selective NSAID and is useful as an analgesic anti-inflammatory and antipyretic.[A179098] Similar to other NSAIDs the pharmacological activity of naproxen can be attributed to the inhibition of cyclo-oxygenase which in turn reduces prostaglandin synthesis in various tissues and fluids including the synovial fluid gastric mucosa and the blood.[A179098] Although naproxen is an effective analgesic it can have unintended deleterious effects in the patient. For instance naproxen can adversely affect blood pressure control.[A179224] A study found that use of naproxen induced an increase in blood pressure although the increase was not as significant as that found with ibuprofen use.[A179224]Further studies have found that the risk of upper gastrointestinal bleeding is on average four-fold higher for individuals taking NSAIDs.[A179227] Other factors that increase the risk of upper gastrointestinal bleeding include concurrent use of corticosteroids or anticoagulants and a history of gastrointestinal ulcers.[A179227]
Perindopril,-1
Fentanyl,Fentanyl produces strong analgesia through its activation of opioid receptors.[LabelA179533] It has a duration of action of several hours and a wider therapeutic index as patients develop tolerance to opioids.[Label] Fentanyl is associated with a risk of addiction and abuse and should not be mixed with alcohol or benzodiazepines.[LabelL6598L6601L6604L6607L922L6610L6613]
Acetazolamide,Acetazolamide is a potent carbonic anhydrase inhibitor effective in the control of fluid secretion in the treatment of certain convulsive disorders and in the promotion of diuresis in instances of abnormal fluid retention. Acetazolamide is not a mercurial diuretic. Rather it is a nonbacteriostatic sulfonamide possessing a chemical structure and pharmacological activity distinctly different from the bacteriostatic sulfonamides.
Tadalafil,-1
Brompheniramine,Brompheniramine is an antihistaminergic medication of the propylamine class. It is a first-generation antihistamine. In allergic reactions an allergen interacts with and cross-links surface IgE antibodies on mast cells and basophils. Once the mast cell-antibody-antigen complex is formed a complex series of events occurs that eventually leads to cell-degranulation and the release of histamine (and other chemical mediators) from the mast cell or basophil. Once released histamine can react with local or widespread tissues through histamine receptors. Histamine acting on H<sub>1</sub>-receptors produces pruritis vasodilatation hypotension flushing headache tachycardia and bronchoconstriction. Histamine also increases vascular permeability and potentiates pain. Brompheniramine is a histamine H1 antagonist (or more correctly an inverse histamine agonist) of the alkylamine class. It provides effective temporary relief of sneezing watery and itchy eyes and runny nose due to hay fever and other upper respiratory allergies.
Pseudoephedrine,Pseudoephedrine causes vasoconstriction which leads to a decongestant effect.[A188823L11031L11037L11040L11046L11052L11058L11061] It has a short duration of action unless formulated as an extended release product.[L11031L11037L11040L11046L11052L11058L11061] Patients should be counselled regarding the risk of central nervous system stimulation.[L11031L11040L11058L11061]
Prednisolone,Corticosteroids bind to the glucocorticoid receptor inhibiting pro-inflammatory signals and promoting anti-inflammatory signals.[A187463] Prednisolone has a short duration of action as the half life is 2.1-3.5 hours.[A187394] Corticosteroids have a wide therapeutic window as patients make require doses that are multiples of what the body naturally produces.[A187463] Patients taking corticosteroids should be counselled regarding the risk of hypothalamic-pituitary-adrenal axis suppression and increased susceptibility to infections.[A187463]
Guaifenesin,Guaifenesin is categorized as an expectorant that acts by enhancing the output of phlegm (sputum) and bronchial secretions via decreasing the adhesiveness and surface tension of such material [F4516]. Furthermore guaifenesin elicits an increased flow of less viscous gastric secretions that subsequently promote ciliary action - all actions that ultimately change dry unproductive coughing to coughs that are more productive and less frequent [F4516]. Essentially by decreasing the viscosity and adhesiveness of such secretions guaifenesin enhances the efficacy of mucociliary activity in removing accumulated secretions from the upper and lower airway [F4516].
Quinapril,Quinapril is a prodrug of an angiotensin converting enzyme (ACE) inhibitor used in the treatment of hypertension or adjunct in the treatment of heart failure.[A1329A1331L8420] Quinapril has a wide therapeutic window and a long duration of action as it is given in doses of 10-80mg once daily.[L8420]
Amantadine,Amantadine is an antiviral drug which also acts as an antiparkinson agent for which it is usually combined with L-DOPA when L-DOPA responses decline (probably due to tolerance). It is a derivate of adamantane like a similar drug rimantadine. The mechanism of action of amantadine in the treatment of Parkinson's disease and drug-induced extrapyramidal reactions is not known. It has been shown to cause an increase in dopamine release in the animal brain and does not possess anticholinergic activity.
Salicylic acid,Salicylic acid treats acne by causing skin cells to slough off more readily preventing pores from clogging up. This effect on skin cells also makes salicylic acid an active ingredient in several shampoos meant to treat dandruff. Use of straight salicylic solution may cause hyperpigmentation on unpretreated skin for those with darker skin types (Fitzpatrick phototypes IV V VI) as well as with the lack of use of a broad spectrum sunblock. Subsalicylate in combination with bismuth form the popular stomach relief aid known commonly as Pepto-Bismol. When combined the two key ingredients help control diarrhea nausea heartburn and even gas. It is also very mildly anti-biotic.
Salmeterol,Salmeterol is a long acting beta-2 adrenergic receptor agonist that binds to both the active and exo sites of the beta-2 adrenergic receptor.[A183737] Salmeterol has a longer duration of action than other beta-2 agonists like [salbutamol].[A190459] Patients should be counselled regarding the risks of long acting beta agonist (LABA) monotherapy hypokalemia hypoglycemia and not to take this drug with another LABA.[L11545L11548L11551L11554L11557]
Methylprednisolone,Corticosteroids bind to the glucocorticoid receptor inhibiting pro-inflammatory signals and promoting anti-inflammatory signals.[A187463] Corticosteroids have a wide therapeutic window as patients may require doses that are multiples of what the body naturally produces.[A187463] Patients taking corticosteroids should be counselled regarding the risk of hypothalamic-pituitary-adrenal axis suppression and increased susceptibility to infections.[A187463]
Methyldopa,Antihypertensive effects of methyldopa are mostly mediated by its pharmacologically active metabolite alpha-methylnorepinephrine which works as an agonist at central inhibitory alpha-adrenergic receptors.[L32614] Stimulation of alpha-adrenergic receptors leads to decreased peripheral sympathetic tone and reduced arterial pressure.[A1505] Methyldopa causes a net reduction in the tissue concentration of serotonin dopamine norepinephrine and epinephrine. Overall methyldopa lowers both standing blood pressure and especially supine blood pressure with infrequent symptomatic postural hypotension. Methyldopa also reduces plasma renin activity but has negligible effects on glomerular filtration rate renal blood flow or filtration fraction. It also has no direct effect on cardiac function but in some patients a slowed heart rate may occur.[L32614]Following oral administration blood-pressure-lowering effects are observed within 12 to 24 hours in most patients and a maximum reduction in blood pressure occurs in 4 to 6 hours. Blood pressure returns to pre-treatment levels within 24 to 48 hours following drug discontinuation.[L32614] Following intravenous administration the blood-pressure-lowering effects of methyldopa last for about 10 to 16 hours.[A231784]
Dactinomycin,Generally the actinomycins exert an inhibitory effect on gram-positive and gram-negative bacteria and on some fungi. However the toxic properties of the actinomycins (including dactinomycin) in relation to antibacterial activity are such as to preclude their use as antibiotics in the treatment of infectious diseases. Because the actinomycins are cytotoxic they have an antineoplastic effect which has been demonstrated in experimental animals with various types of tumor implant. This cytotoxic action is the basis for their use in the treatment of certain types of cancer. Dactinomycin is believed to produce its cytotoxic effects by binding DNA and inhibiting RNA synthesis.
Cyclopentolate,-1
Isotretinoin,The pharmacodynamics of isotretinoin are poorly understood.[Label]
Doxorubicin,Doxorubicin is a cytotoxic cell-cycle non-specific anthracycline antibiotic.[A1574A257674] It is generally thought to exert its antitumor effect by destabilizing DNA structures through intercalation thus introducing DNA strand breakages and damages.[A257664A18538A257674] Not only does it alter the transcriptomes of the cells failure in repairing DNA structures can also initiate the apoptotic pathways.[A257674A257679] Additionally doxorubicin intercalation can also interfere with vital enzyme activity such as topoisomerase II DNA polymerase and RNA polymerase leading to cell cycle arrests.[A257674] Finally doxorubicin can also generate cytotoxic reactive oxygen species to exert cellular damages.[A257584]
Hydrochlorothiazide,Hydrochlorothiazide prevents the reabsorption of sodium and water from the distal convoluted tubule allowing for the increased elimination of water in the urine.[A185138A185180A16730L8447L8450] Hydrochlorothiazide has a wide therapeutic window as dosing is individualized and can range from 25-100mg.[L8447L8450] Hydrochlorothiazide should be used with caution in patients with reduced kidney or liver function.[L8447L8450]
Albuterol,Salbutamol (INN) or albuterol (USAN) a moderately selective beta(2)-receptor agonist similar in structure to terbutaline is widely used as a bronchodilator to manage asthma and other chronic obstructive airway diseases.[LabelF3265F3268] The R-isomer levalbuterol is responsible for bronchodilation while the S-isomer increases bronchial reactivity.[A174400] The R-enantiomer is available and sold in its pure form as levalbuterol and subsequently may produce fewer side-effects with only the R-enantiomer present - although this has not been formally demonstrated.[A174400]After oral and parenteral administration stimulation of the beta receptors in the body both beta-1 and beta-2 occurs because (a) beta-2 selectivity is not absolute and (b) higher concentrations of salbutamol occur in the regions of these receptors with these modes of administration.[LabelF3265F3268] This results in the beta-1 effect of cardiac stimulation though not so much as with isoprenaline and beta-2 effects of peripheral vasodilatation and hypotension skeletal muscle tremor and uterine muscle relaxation.[LabelF3265F3268]Metabolic effects such as hyperinsulinemia and hyperglycemia also may occur although it is not known whether these effects are mediated by beta-1 or beta-2 receptors.[LabelF3265F3268] The serum potassium levels have a tendency to fall.[F3265]
Abacavir,Abacavir is a nucleoside reverse transcriptase inhibitor (NRTI) with activity against Human Immunodeficiency Virus Type 1 (HIV-1). Abacavir is phosphorylated to active metabolites that compete for incorporation into viral DNA. They inhibit the HIV reverse transcriptase enzyme competitively and act as a chain terminator of DNA synthesis. The concentration of drug necessary to effect viral replication by 50 percent (EC50) ranged from 3.7 to 5.8 μM (1 μM = 0.28 mcg/mL) and 0.07 to 1.0 μM against HIV-1IIIB and HIV-1BaL respectively and was 0.26 ± 0.18 μM against 8 clinical isolates.  Abacavir had synergistic activity in cell culture in combination with the nucleoside reverse transcriptase inhibitor (NRTI) zidovudine the non-nucleoside reverse transcriptase inhibitor (NNRTI) nevirapine and the protease inhibitor (PI) amprenavir; and additive activity in combination with the NRTIs didanosine emtricitabine lamivudine stavudine tenofovir and zalcitabine. 
Ibuprofen,Ibuprofen has multiple actions in different inflammatory pathways involved in acute and chronic inflammation. The main effects reported in ibuprofen are related to the control of pain fever and acute inflammation by the inhibition of the synthesis of prostanoids by COX-1 and COX-2. Pain relief is attributed to peripheral affected regions and central nervous system effects in the pain transmission mediated by the dorsal horn and higher spinothalamic tract. Some reports have tried to link the pain regulation with a possible enhancement on the synthesis of endogenous cannabinoids and action on the NMDA receptors. The effect on pain has been shown to be related to the cortically evoked potentials.[A39190]The antipyretic effect is reported to be linked to the effect on the prostanoid synthesis due to the fact that the prostanoids are the main signaling mediator of pyresis in the hypothalamic-preoptic region.[A39190]The use of ibuprofen in dental procedures is attributed to the local inhibition of prostanoid production as well as to anti-oedemic activity and an increase of plasma beta-endorphins. Some reports have suggested a rapid local reduction of the expression of COX-2 in dental pulp derived by the administration of ibuprofen.[A39190]The administration of ibuprofen in patients with rheumatic diseases has shown to control joint symptoms.[A39092] Ibuprofen is largely used in OTC products such as an agent for the management of dysmenorrhea which has been proven to reduce the amount of menstrual prostanoids and to produce a reduction in the uterine hypercontractility.[A39181] As well it has been reported to reduce significantly the fever and the pain caused by migraines.[A39182 A39183] This effect is thought to be related to the effect on platelet activation and thromboxane A2 production which produces local vascular effects in the affected regions. This effect is viable as ibuprofen can enter in the central nervous system.[A39190]In the investigational uses of ibuprofen it has been reported to reduce neurodegeneration when given in low doses over a long time.[A39184] On the other hand its use in Parkinson disease is related to the importance of inflammation and oxidative stress in the pathology of this condition.[A39185] The use of ibuprofen for breast cancer is related to a study that shows a decrease of 50% in the rate of breast cancer.[A39186]
Diphenhydramine,Diphenhydramine has anti-histaminic (H1-receptor) anti-emetic anti-vertigo and sedative and hypnotic properties [L5281]. The anti-histamine action occurs by blocking the spasmogenic and congestive effects of histamine by competing with histamine for H1 receptor sites on effector cells preventing but not reversing responses mediated by histamine alone [L5281]. Such receptor sites may be found in the gut uterus large blood vessels bronchial muscles and elsewhere [L5281]. Anti-emetic action is by inhibition at the medullary chemoreceptor trigger zone [L5281]. Anti-vertigo action is by a central antimuscarinic effect on the vestibular apparatus and the integrative vomiting center and medullary chemoreceptor trigger zone of the midbrain [L5281].
Chlorpheniramine,In allergic reactions an allergen interacts with and cross-links surface IgE antibodies on mast cells and basophils. Once the mast cell-antibody-antigen complex is formed a complex series of events occurs that eventually leads to cell-degranulation and the release of histamine (and other chemical mediators) from the mast cell or basophil. Once released histamine can react with local or widespread tissues through histamine receptors. Histamine acting on H<sub>1</sub>-receptors produces pruritis vasodilatation hypotension flushing headache tachycardia and bronchoconstriction. Histamine also increases vascular permeability and potentiates pain. Chlorpheniramine is a histamine H1 antagonist (or more correctly an inverse histamine agonist) of the alkylamine class. It competes with histamine for the normal H<sub>1</sub>-receptor sites on effector cells of the gastrointestinal tract blood vessels and respiratory tract. It provides effective temporary relief of sneezing watery and itchy eyes and runny nose due to hay fever and other upper respiratory allergies.
Nifedipine,Nifedipine is an inhibitor of L-type voltage gated calcium channels that reduces blood pressure and increases oxygen supply to the heart.[A190204] Immediate release nifedipine's duration of action requires dosing 3 times daily.[L11383] Nifedipine dosing is generally 10-120mg daily.[L11383] Patients should be counselled regarding the risk of excessive hypotension angina and myocardial infarction.[L11383]
Rabeprazole,Rabeprazole prevents the production of acid in the stomach. It reduces symptoms and prevents injury to the esophagus or stomach in patients with gastroesophageal reflux disease (GERD) or ulcers. Rabeprazole is also useful in conditions that produce too much stomach acid such as Zollinger-Ellison syndrome. Rabeprazole may also be used with antibiotics to get rid of bacteria that are associated with some ulcers. Rabeprazole is a selective and irreversible proton pump inhibitor suppresses gastric acid secretion by specific inhibition of the H<sup>+</sup> K<sup>+</sup> -ATPase which is found at the secretory surface of parietal cells. In doing so it inhibits the final transport of hydrogen ions (via exchange with potassium ions) into the gastric lumen.
Pioglitazone,Pioglitazone enhances cellular responsiveness to insulin increases insulin-dependent glucose disposal and improves impaired glucose homeostasis.[A19757] In patients with type 2 diabetes mellitus these effects result in lower plasma glucose concentrations lower plasma insulin concentrations and lower HbA1c values.[A19757] Significant fluid retention leading to the development/exacerbation of congestive heart failure has been reported with pioglitazone - avoid its use in patients in heart failure or at risk of developing heart failure.[L11416] There is some evidence that pioglitazone may be associated with an increased risk of developing bladder cancer. Pioglitazone should not be used in patients with active bladder cancer and should be used with caution in patients with a history of bladder cancer.[L11416]
Acebutolol,Acebutolol is a cardioselective beta-adrenoreceptor blocking agent which possesses mild intrinsic sympathomimetic activity (ISA) in its therapeutically effective dose range. In general beta-blockers reduce the work the heart has to do and allow it to beat more regularly. Acebutolol has less antagonistic effects on peripheral vascular &szlig;2-receptors at rest and after epinephrine stimulation than nonselective beta-antagonists. Low doses of acebutolol produce less evidence of bronchoconstriction than nonselective agents like propranolol but more than atenolol.
Levobunolol,Levobunolol is an ophthalmic beta-blocker equally effective at &beta;(1)- and &beta;(2)-receptor sites. Levobunolol reduces both elevated and normal IOP in patients with or without glaucoma. In patients with elevated IOP levobunolol reduces mean IOP by approximately 25-40% from baseline. As the drug is a nonselective &beta-adrenergic blocking agent it can produce both systemic pulmonary and cardiovascular effects following topical application to the eye. These effects include adverse pulmonary effects (eg. bronchoconstriction increased airway resistance) and a decrease in blood pressure and heart rate. 
Budesonide,Budesonide is a glucocorticoid used to treat respiratory and digestive conditions by reducing inflammation.[L10601L10604L10607L10613L10619L10622L10625] It has a wide therapeutic index as dosing varies highly from patient to patient.[L10601L10604L10607L10613L10619L10622L10625] Patients should be counselled regarding the risk of hypercorticism and adrenal axis suppression.[L10601L10604L10607L10613L10619L10622L10625]
Aripiprazole,Aripiprazole exhibits high affinity for dopamine D<sub>2</sub> and D<sub>3</sub> serotonin 5-HT<sub>1a</sub> and 5-HT<sub>2a</sub> receptors (Ki values of 0.34 nM 0.8 nM 1.7 nM and 3.4 nM respectively) moderate affinity for dopamine D<sub>4</sub> serotonin 5-HT<sub>2c</sub> and 5-HT<sub>7</sub> alpha<sub>1</sub>-adrenergic and histamine H<sub>1</sub> receptors (Ki values of 44 nM 15 nM 39 nM 57 nM and 61 nM respectively) and moderate affinity for the serotonin reuptake site (Ki=98 nM). Aripiprazole has no appreciable affinity for cholinergic muscarinic receptors (IC<sub>50</sub>>1000 nM).[L45859]
Dextroamphetamine,Dextroamphetamine is a noncatecholamine sympathomimetic amine that acts as a CNS stimulant.[L13062] Dextroamphetamine raises systolic and diastolic blood pressure acts as a weak bronchodilator and also acts as a respiratory stimulant.[L13062] The general mechanism of action of dextroamphetamine has not been well established.[L13062]
Everolimus,-1
Flibanserin,-1
Abiraterone,_In vivo_ abiraterone acetate is rapidly hydrolyzed to abiraterone which mediates its pharmacological actions.[A3810] Abiraterone decreases serum testosterone and other androgens. A change in serum prostate-specific antigen (PSA) levels may be observed.[L40968]
Aluminum hydroxide,Gastric-peptic disease occurs as a result of an imbalance between protective factors such as mucus bicarbonate and prostaglandin secretion and aggressive factors such as hydrochloric acid pepsin and Helicobacter pylori (H. pylori). Antacids work by restoring acid-base balance attenuating the pepsin activity and increasing bicarbonate and prostaglandin secretion. 
Alcaftadine,-1
Brentuximab vedotin,Brentuximab vedotin causes apoptosis of tumor cells by preventing cell cycle progression of the G2 to M phase through disruption of the cytosolic microtuble network thus preventing tumor growth and proliferation.[L39789]Hodgkin lymphoma (HL) is characterized by malignant Reed-Sternberg cells which express CD30 a marker of large cell lymphoma.[A32159] Until March 2018 USA National Comprehensive Cancer Network guidelines for patients with advanced HL (stage III/IV disease) recommend treatment with  adriamycin bleomycin vinblastine and dacarbazine (ABVD) or escalated bleomycin etoposide adriamycin cyclophosphamide vincristine procarbazine and prednisone (BEACOPP) as first-line regimens.[L1740] ABVD appears to be as effective with fewer side effects as escalated BEACOPP. Escalated BEACOPP leads to a greater progression-free survival but no difference in overall survival. Recent progress in technology has enabled a new shift to cancer therapy targeting specific molecules. Brentuximab vedotin a CD30-directed antibody conjugate selectively targets malignant HL cells.[A32158]The effect of Brentuximab vedotin (1.8 mg/kg) on the QTc interval was studied in an open-label single-group study in 46 patients diagnosed with CD30-expressing hematologic malignancies.  Ingestion of brentuximab vedotin did not prolong the mean cardiac QTc interval >10 ms from baseline levels.  Smaller increases in the mean QTc interval (<10 ms) cannot be ruled out because this study did not include a placebo arm and a positive control arm.[L39789]
Aflibercept,The equilibrium dissociation constants (K<sub>D</sub>) for aflibercept for various human receptors are as follow: 0.5 pM for VEGF-A<sub>165</sub> 0.36 pM for VEGF-A<sub>121</sub> 1.92 pM for VEGF-B and 39 pM for PlGF-2.[L45141]The effect of 6 mg per kg intravenous aflibercept every three weeks on QTc interval was evaluated in 87 patients with solid tumors in a randomized placebo-controlled study. No large changes in the mean QT interval from baseline (i.e. greater than 20 ms as corrected for placebo) based on the Fridericia correction method were detected in the study. However a small increase in the mean QTc interval (i.e. less than 10 ms) cannot be excluded due to the limitations of the study design.[L45141]
Aclidinium,Aclidinium does not prolong the QTc interval or have significant effects on cardiac rhythm. 
Afatinib,Aberrant ErbB signaling triggered by receptor mutations and/or amplification and/or receptor ligand overexpression contributes to the malignant phenotype [L2937]. Mutation in EGFR defines a distinct molecular subtype of lung cancer [L2937].In non-clinical disease models with ErbB pathway deregulation afatinib as a single agent effectively blocks ErbB receptor signaling resulting in tumor growth inhibition or tumor regression [L2937]. NSCLC tumors with common activating EGFR mutations (Del 19 L858R) and several less common EGFR mutations in exon 18 (G719X) and exon 21 (L861Q) are particularly sensitive to afatinib treatment in non-clinical and clinical settings [L2937]. Limited non-clinical and/or clinical activity was observed in NSCLC tumors with insertion mutations in exon 20 [L2937].The acquisition of a secondary T790M mutation is a major mechanism of acquired resistance to afatinib and gene dosage of the T790M-containing allele correlates with the degree of resistance in vitro [L2937]. The T790M mutation is found in approximately 50% of patients' tumors upon disease progression on afatinib for which T790M targeted EGFR TKIs may be considered as a next line treatment option [L2937]. Other potential mechanisms of resistance to afatinib have been suggested preclinically and MET gene amplification has been observed clinically [L2937].At the same time the effect of multiple doses of afatinib (50 mg once daily) on cardiac electrophysiology and the QTc interval was evaluated in an open-label single-arm study in patients with relapsed or refractory solid tumors [FDA Label]. Ultimately no large changes in the mean QTc interval (i.e. >20 ms) were detected in the study [FDA Label].
Riociguat,-1
Albiglutide,-1
Benzoyl peroxide,Benzoyl peroxide is a topical treatment for acne that generates free radicals to break down comedones and increase the rate of epithelial cell turnover.[A18903A234059A234064A234069L33264L33269L33299L33314] It has a short duration of action as its active free radical metabolites quickly react to form inactive metabolites.[A18903] The therapeutic index is wide as overdoses are rare however patients may still experience skin peeling.[L33264L33269L33299L33314] Patients should be counselled regarding increased risks of skin irritation dryness and sunburn.[L33264L33269L33299L33314]
Magnesium hydroxide,As an antacid magnesium hydroxide suspension neutralizes gastric acid by reacting with hydrochloric acid in the stomach to form magnesium chloride and water. It is practically insoluble in water and does not have any effect until it reacts with the hydrochloric acid in the stomach. There it decreases the direct acid irritant effect and increases the pH in the stomach leading to inactivation of pepsin. Magnesium hydroxide enhances the integrity of the mucosal barrier of the stomach as well as improving the tone of both the gastric and esophageal sphincters. As a laxative the magnesium hydroxide works by increasing the osmotic effect in the intestinal tract and drawing water in. This creates distension of the colon which results in an increase in peristaltic movement and bowel evacuation. 
Lixisenatide,Lixisenatide acts as an agonist at the GLP-1 receptor. In the pancreas this agonism results in increased glucose-stimulated insulin exocytosis by beta islet cells. This produces a reduction in blood glucose due to increased glucose uptake by tissues.[A19192] GLP-1 receptor activation in the GI tract results in delayed gastric emptying which is thought to mediate the effects of lixisenatide on postprandial blood glucose.
Acalabrutinib,Acalabrutinib is a Bruton Tyrosine Kinase inhibitor that prevents the proliferation trafficking chemotaxis and adhesion of B cells.[L10241] It is taken every 12 hours and can cause other effects such as atrial fibrillation other malignancies cytopenia hemorrhage and infection.[L10241]
Rifamycin,Rifamycin is known to be effective against Gram-positive and Gram-negative pathogens and mycobacteria. It is very effective against _E. coli_ reporting a MIC90 of 64-128 mcg/ml without showing cross-resistance with other antimicrobial agents.[A39996]The specific indication of rifamycin is extremely important as ther were previous reports that indicated a high risk factor in the generation of resistant _E. coli_ strains in patients with inflammatory bowel disease.[L4804]In clinical trials rifamycin was tested in a randomized clinical trial of travellers' coming from Mexico and Guatemala. In this trial rifamycin was proven to significantly reduce the symptoms of travellers' diarrhea.[L4802]
Niraparib,Niraparib mediated cytotoxic effects in tumour cell lines with or without deficiencies in _BRCA1/2_. Decreased tumour growth was observed in both mouse xenograft models of human cancer cell lines with deficiencies in _BRCA1/2_ and human patient-derived xenograft tumour models with homologous recombination deficiency (HRD) that had either mutated or wild-type _BRCA1/2_.[L43277]_In vitro_ studies suggest that niraparib inhibits dopamine norepinephrine and serotonin transporters which may explain its off-target cardiovascular effects such as increased pulse rate and blood pressure.[A253248]
Abemaciclib,In combination with fulvestrant the progression-free survival for patients with HR-positive HER2-negative breast cancer was 16.4 months compared to 9.3 months for patients taking a placebo with fulvestrant. As a monotherapy 19.7% of patients taking abemaciclib achieved complete or partial shrinkage of their tumors for a median 8.6 months after treatment [L1003]. Abemaciclib induces cell cycle arrest and exerts an antitumor activity in human tumor xenograft models [A27281]. In patient investigations and a healthy volunteer study abemaciclib is not shown to induce any clinically significant changes in the QTc interval [FDA Label]. 
Tralokinumab,Tralokinumab exerts its therapeutic effects by inhibiting the inflammatory cytokine (IL-13) primarily responsible for the pathogenesis of atopic dermatitis. It is administered subcutaneously with a loading dose of 600mg followed by a maintenance dose of 300mg every two weeks.[L39287] In clinical studies tralokinumab treatment decreased the concentrations of a number of Th2 and Th22 immunity biomarkers in the blood including periostin IL-22 serum IgE. It also reduced epidermal thickness and decreased the expression of Keratin 16 and Ki-67 in skin affected by atopic dermatitis.[L39287]Hypersensitivity reactions including anaphylaxis have been reported following the use of tralokinumab.[L39287] Patients experiencing a systemic hypersensitivity reaction should discontinue treatment and initiate immediate therapy as clinically indicated. Tralokinumab should not be used in patients with pre-existing helminth infections as the influence of tralokinumab on the immune response against helminth infections is unclear.[L39287] Patients with helminth infections should be treated prior to therapy with tralokinumab. Patients becoming infected during the course of therapy may be treated with anti-helminth medications but should discontinue tralokinumab if the infection fails to resolve.[L39287]
Trifarotene,Trifarotene exerts its effects via agonism at retinoid receptors - these receptors function to alter DNA transcription resulting in downstream modulation of the expression of various genes involved in acne pathogenesis.[A187081] It may be associated with skin irritation and should not be applied to cuts abrasions or otherwise damaged skin. As trifarotene may result in photosensitivity patients should be cautioned to avoid excess sun exposure and to use sunscreen and/or protective clothing if exposure is unavoidable.[L9013]
Aceclidine,Aceclidine is a cholinergic muscarinic agonist that stimulates miosis in order to extend the depth of focus to improve vision.[L53768]Systemic exposure to aceclidine and its metabolites following topical ocular administration is low.[L53768] The onset of effect for presbyopia treatment is observed within 30 minutes and the effect can last up to 10 hours.[L53768A274273] Patients may experience temporary dim or dark vision and should exercise caution with night driving or other hazardous activities in poor illumination.[L53768] Rare cases of retinal tears and detachments have been reported with miotics and patients should be advised to seek immediate medical care for sudden onset of flashing lights floaters or vision loss.[L53768] Caution is also advised in patients with a history of iritis as miotics may exacerbate ocular inflammation.[L53768]
Erenumab,As a human monoclonal antibody designed to specifically bind with and antagonize the calcitonin gene-related peptide (CGRP) receptor there is the possibility that erenumab could interfere with natural activities of CGRP that may not be immediately or directly associated with migraines. For example at peripheral synapses CGRP released from trigeminal terminals results in vasodilation by way of CGRP receptor on smooth muscle cells of meningeal and cerebral blood vessels making CGRP a potent general arterial vasodilator [A33090]. Antagonism of CGRP receptors responsible for such vasodilation could theoretically result in vasoconstriction and raises in blood pressure.In a randomised double-blind placebo-controlled study in healthy volunteers concomitant administration of erenumab (140 mg intravenous single dose) with sumatriptan (12 mg subcutaneous given as two 6 mg doses separated by one hour) had no effect on resting blood pressure compared with sumatriptan alone however [FDA Label]. Please note that erenumab is indicated for subcutaneous use only though [FDA Label].
Fremanezumab,Fremanezumab is a subcutaneous injection that targets the calcitonin gene-related peptide (CGRP) preventing its binding to the CGRP receptor.[A33114L11749] It possesses a long duration of action requiring only monthly or quarterly administration and appears well-tolerated in clinical trials.[L11749]
Abrocitinib,Abrocitinib mediates anti-inflammatory effects by blocking the signalling of pro-inflammatory cytokines implicated in atopic dermatitis.[A244554] It dose-dependently reduces the serum markers of inflammation in atopic dermatitis including high sensitivity C-reactive protein (hsCRP) interleukin-31 (IL-31) and thymus and activation regulated chemokine (TARC). These changes returned to near baseline within four weeks following drug discontinuation.[L39769] At two weeks of treatment the mean absolute lymphocyte count increased which returned to baseline by nine months of treatment. Treatment with abrocitinib was associated with a dose-related increase in B cell counts and a dose-related decrease in NK cell counts: the clinical significance of these changes is unknown.[L39774]Treatment with 200 mg abrocitinib once-daily was associated with a transient dose-dependent decrease in platelet count with the nadir occurring at a median of 24 days. Recovery of platelet count (~40% recovery by 12 weeks) occurred without discontinuation of the treatment.[L39769]
Vamorolone,In clinical studies treatment with vamorolone induced a dose-dependent decrease in morning cortisol levels and a dose-dependent increase in leukocyte and lymphocyte counts.[L48671]
Crizanlizumab,Crizanlizumab is a P-selectin inhibitor that prevents interactions between endothelial cells platelets red blood cells and leukocytes.[L10097] It has a long duration of action as it is given every 4 weeks.[L10097] Patients should be counselled regarding the risk of infusion reactions as well as crizanlizumab's interference with platelet counts using EDTA tubes.[L10097]
Adagrasib,The exposure-response relationship and pharmacodynamic response time course of adagrasib have not been elucidated. The use of adagrasib can cause QTc interval prolongation. The increase in QTc is concentration-dependent. In patients given 600 mg of adagrasib twice daily the mean QTcF change from baseline (ΔQTcF) was 18 ms at the mean steady-state maximum concentration.[L44361] The use of adagrasib can also lead to severe gastrointestinal adverse reactions hepatotoxicity and interstitial lung disease/pneumonitis.[L44361]
Idecabtagene vicleucel,-1
Nadofaragene firadenovec,The safety tolerability and maximum tolerated dose (MTD) of nadofaragene firadenovec were evaluated in a phase 1 first-in-human study that enrolled patients (n=17) with BCG-unresponsive non-muscle invasive bladder cancer (NMIBC). Patients were given five different dose levels in a dose volume of 75 ml: 3 x 10<sup>9</sup> vp/mL 1 x 10<sup>10</sup> vp/mL 3 x 10<sup>10</sup> vp/mL 1 x 10<sup>11</sup> vp/mL and 3 x 10<sup>11</sup> vp/mL; and human interferon alfa-2b (IFNα2b) protein was used as a pharmacodynamic marker. Except for two patients given the lowest nadofaragene firadenovec dose IFNα2b protein was detected in the urine of all patients. IFNα2b protein was detected up to 10 days after nadofaragene firadenovec administration suggesting that IFNα2b is expressed in the bladder. Following nadofaragene firadenovec administration measurable concentrations of IFNα2b protein were detected in urine up to day 12 post-dose and this was more common in patients at the high dose level.[L44381]
Acoramidis,At the recommended dosage near-complete _in vitro_ transthyretin (TTR) stabilization was observed as early as Day 28 and through completion of a 30-month study of patients with ATTR-CM (wild-type and variant).[L51958]Acoramidis may decrease serum concentrations of free thyroxine without an accompanying change in thyroid stimulating hormone - this is an effect common to TTR stabilizers and is likely due to reduced thyroxine binding to (or displacement from) TTR.[L51958]
Afamitresgene autoleucel,Afamitresgene autoleucel triggers strong cytotoxic activity and the release of effector cytokines against various HLA-A02/MAGE-A4 cancer cells.[A264164] In patients with synovial sarcoma who were treated with afamitresgene autoleucel serum concentrations of cytokines and other soluble factors involved in cellular homeostasis T cell activation and inflammation (e.g. IFNγ IL-6 IL-8 IL-15 and IL-2Rα) increased post-infusion peaking between Days 3-8.[L51114]
Acoltremon,-1
