,key,name,side_effects,processed_side_effects
0,a606008,Phenylephrine,"['nervousness', 'dizziness', 'sleeplessness']","['nervousness', 'dizziness', 'sleeplessness']"
1,a682206,Hydrocortisone,"['nausea', 'headache', 'insomnia', 'acne', 'irregular or absent menstrual periods', 'rash', 'hives', 'itching', 'swelling of the eyes, face, lips, mouth, throat, or tongue', 'difficulty breathing or swallowing', 'vomiting', 'diarrhea', 'sudden weight gain', 'muscle weakness', 'unusual bruising', 'swollen face, lower legs, or ankles', 'depression', 'sudden, unusual mood changes', 'sudden weight gain', 'muscle weakness', 'unusual bruising', 'swollen face, lower legs, or ankles', 'depression', 'sudden, unusual mood changes', 'hallucinations', 'confusion', 'mania', 'eye pain, redness, or tearing', 'blurred vision', 'vision problems', 'sore throat', 'fever', 'chills', 'cough', 'stomach pain', 'difficult or painful urination', 'signs of infection', 'seizures']","['nausea', 'headache', 'insomnia', 'acne', 'irregular or absent menstrual periods', 'rash', 'hives', 'itching', 'swelling of the eyes, face, lips, mouth, throat, or tongue', 'difficulty breathing or swallowing', 'vomiting', 'diarrhea', 'sudden weight gain', 'muscle weakness', 'unusual bruising', 'swollen face, lower legs, or ankles', 'depression', 'sudden, unusual mood changes', 'sudden weight gain', 'muscle weakness', 'unusual bruising', 'swollen face, lower legs, or ankles', 'depression', 'sudden, unusual mood changes', 'hallucinations', 'confusion', 'mania', 'eye pain, redness, or tearing', 'blurred vision', 'vision problems', 'sore throat', 'fever', 'chills', 'cough', 'stomach pain', 'difficult or painful urination', 'signs of infection', 'seizures']"
2,a682795,Methylprednisolone,"['upset stomach', 'stomach irritation', 'vomiting', 'headache', 'dizziness', 'insomnia', 'restlessness', 'depression', 'anxiety', 'acne', 'increased hair growth', 'easy bruising', 'irregular or absent menstrual periods', 'skin rash', 'swollen face, lower legs, or ankles', 'vision problems', 'cold or infection that lasts a long time', 'muscle weakness', 'black or tarry stool']","['upset stomach', 'stomach irritation', 'vomiting', 'headache', 'dizziness', 'insomnia', 'restlessness', 'depression', 'anxiety', 'acne', 'increased hair growth', 'easy bruising', 'irregular or absent menstrual periods', 'skin rash', 'swollen face, lower legs, or ankles', 'vision problems', 'cold or infection that lasts a long time', 'muscle weakness', 'black or tarry stool']"
3,a682078,Chlordiazepoxide,"['drowsiness', 'dizziness', 'tiredness', 'weakness', 'dry mouth', 'diarrhea', 'upset stomach', 'changes in appetite', 'restlessness or excitement', 'constipation', 'difficulty urinating', 'frequent urination', 'blurred vision', 'changes in sex drive or ability', 'shuffling walk', 'persistent, fine tremor or inability to sit still', 'fever', 'difficulty breathing or swallowing', 'severe skin rash', 'yellowing of the skin or eyes', 'irregular heartbeat']","['drowsiness', 'dizziness', 'tiredness', 'weakness', 'dry mouth', 'diarrhea', 'upset stomach', 'changes in appetite', 'restlessness or excitement', 'constipation', 'difficulty urinating', 'frequent urination', 'blurred vision', 'changes in sex drive or ability', 'shuffling walk', 'persistent, fine tremor or inability to sit still', 'fever', 'difficulty breathing or swallowing', 'severe skin rash', 'yellowing of the skin or eyes', 'irregular heartbeat']"
4,a699012,Abacavir,"['headache', 'tiredness', 'nausea, vomiting', 'difficulty falling asleep or staying asleep', 'hives, itching, blisters or peeling skin, difficulty swallowing or breathing', 'excessive tiredness; weakness, dizziness or lightheadedness; fast or irregular heartbeat; muscle pain; stomach pain with nausea and vomiting; shortness of breath', 'difficulty breathing; flu-like symptoms such as fever, chills, or cough; or feeling cold, especially in the arms or legs', 'light-colored bowel movements; yellowing of the skin or eyes; loss of appetite; unusual bleeding or bruising; dark yellow or brown urine; or pain in the upper right part of stomach']","['headache', 'tiredness', 'nausea', 'vomiting', 'difficulty falling asleep or staying asleep', 'hives', 'itching', 'blisters or peeling skin', 'difficulty breathing or swallowing', 'excessive tiredness', 'weakness, dizziness or lightheadedness', 'fast or irregular heartbeat', 'muscle pain', 'stomach pain with nausea and vomiting', 'shortness of breath', 'difficulty breathing', 'flu-like symptoms', 'fever', 'chills', 'cough', 'feeling cold, especially in the arms or legs', 'light-colored bowel movements', 'yellowing of the skin or eyes', 'loss of appetite', 'unusual bleeding or bruising', 'dark yellow or brown urine', 'pain in the upper right part of stomach']"
5,a621024,Idecabtagene Vicleucel,"['constipation', 'weight loss', 'loss of appetite', 'mouth pain', 'dry mouth', 'dry eyes', 'decreased urination frequency or amount', 'swelling of the eyes, face, lips, tongue, throat, arms, hands, feet, ankles, or lower legs', 'difficulty swallowing', 'rash', 'hives', 'itching']","['constipation', 'weight loss', 'loss of appetite', 'mouth pain', 'dry mouth', 'dry eyes', 'decreased urination frequency or amount', 'swelling of the eyes, face, lips, tongue, throat, arms, hands, feet, ankles, or lower legs', 'difficulty swallowing', 'rash', 'hives', 'itching']"
6,a617049,Abemaciclib,"['nausea', 'vomiting', 'stomach pain', 'constipation', 'sores on the lips, mouth, or throat', 'decreased appetite', 'weight loss', 'hair loss', 'itching', 'rash', 'headache', 'changes in taste', 'dizziness', 'joint pain', 'tiredness', 'pain in the upper right part of the stomach', 'yellowing of the skin or eyes', 'loss of appetite', 'bleeding or bruising easily', 'pain in arms or legs', 'swelling of the hands, feet, legs or ankles', 'difficulty breathing or shortness of breath', 'cough with or without mucus', 'chest pain', 'rapid breathing', 'fast, irregular, or pounding heartbeat', 'fever, chills, cough or other signs of infection', 'pale skin']","['nausea', 'vomiting', 'stomach pain', 'constipation', 'sores on the lips, mouth, or throat', 'decreased appetite', 'weight loss', 'hair loss', 'itching', 'rash', 'headache', 'changes in taste', 'dizziness', 'joint pain', 'tiredness', 'pain in the upper right part of the stomach', 'yellowing of the skin or eyes', 'loss of appetite', 'bleeding or bruising easily', 'pain in arms or legs', 'swelling of the hands, feet, legs or ankles', 'difficulty breathing or shortness of breath', 'cough with or without mucus', 'chest pain', 'rapid breathing', 'fast, irregular, or pounding heartbeat', 'fever', 'chills', 'cough', 'signs of infection', 'pale skin']"
7,a603012,Aripiprazole,"['headache', 'nervousness', 'restlessness', 'dizziness, feeling unsteady, or having trouble keeping your balance', 'heartburn', 'constipation', 'diarrhea', 'stomach pain', 'weight gain', 'changes in appetite', 'increased salivation', 'pain, especially in the arms, legs, or joints', 'tiredness', 'rash', 'hives', 'itching', 'swelling of the eyes, face, mouth, lips, tongue, or throat', 'difficulty breathing or swallowing', 'difficulty breathing or swallowing', 'seizures', 'uncontrollable moevments of the face, tongue, or other body parts', 'fever; stiff muscles; sweating; confusion; sweating; or fast, pounding, or irregular heartbeat', 'problems with coordination or increased falls', 'tightening of the neck muscles or throat tightness']","['headache', 'nervousness', 'restlessness', 'dizziness, feeling unsteady, or having trouble keeping your balance', 'heartburn', 'constipation', 'diarrhea', 'stomach pain', 'weight gain', 'changes in appetite', 'increased salivation', 'pain, especially in the arms, legs, or joints', 'tiredness', 'rash', 'hives', 'itching', 'swelling of the eyes, face, mouth, lips, tongue, or throat', 'difficulty breathing or swallowing', 'seizures', 'uncontrollable moevments of the face, tongue, or other body parts', 'fever', 'stiff muscles', 'confusion', 'sweating', 'fast, pounding, or irregular heartbeat', 'problems with coordination or increased falls', 'tightening of the neck muscles or throat tightness']"
9,a682019,Methotrexate,"['dizziness', 'drowsiness', 'headache', 'swollen, tender gums', 'reddened eyes', 'hair loss', 'blurred vision or sudden loss of vision', 'seizures', 'confusion', 'weakness or difficulty moving one or both sides of the body', 'loss of consciousness']","['dizziness', 'drowsiness', 'headache', 'swollen, tender gums', 'reddened eyes', 'hair loss', 'blurred vision or sudden loss of vision', 'seizures', 'confusion', 'weakness or difficulty moving one or both sides of the body', 'loss of consciousness']"
10,a603010,Adalimumab,"['redness, itching, bruising, pain, or swelling in the place you injected adalimumab injection', 'nausea', 'headache', 'back pain', 'numbness or tingling', 'problems with vision', 'weakness in legs', 'dizziness', 'shortness of breath, swelling of the feet, ankles, or lower legs', 'chest pain, shortness of breath, new joint pain, rash, especially a rash on the cheeks or arms that is sensitive to sunlight', 'itching, hives; difficulty breathing or swallowing; swelling of the face, eyes, lips, or mouth', 'unusual bruising or bleeding pale skin', 'red, scaly patches or pus-filled bumps on the skin']","['redness, itching, bruising, pain, or swelling at injection site', 'nausea', 'headache', 'back pain', 'numbness or tingling', 'problems with vision', 'weakness in legs', 'dizziness', 'shortness of breath', 'swelling of the feet, ankles, or lower legs', 'chest pain', 'shortness of breath', 'new joint pain', 'rash, especially a rash on the cheeks or arms that is sensitive to sunlight', 'itching', 'hives', 'difficulty breathing or swallowing', 'swelling of the face, eyes, lips, or mouth', 'unusual bruising or bleeding pale skin', 'red, scaly patches or pus-filled bumps on the skin']"
11,a622008,Abrocitinib,"['cold symptoms', 'stuffy or runny nose', 'sneezing', 'sore throat', 'nausea', 'headache', 'dizziness', 'acne', 'vomiting', 'mouth and throat pain', 'rash', 'stomach pain', 'sudden changes in vision', 'tiredness, shortness of breath, or pale skin', 'unusual bruising or bleeding']","['cold symptoms', 'stuffy or runny nose', 'sneezing', 'sore throat', 'nausea', 'headache', 'dizziness', 'acne', 'vomiting', 'mouth and throat pain', 'rash', 'stomach pain', 'sudden changes in vision', 'tiredness', 'shortness of breath', 'pale skin', 'unusual bruising or bleeding']"
12,a681043,Isotretinoin,"['red, cracked, and sore lips', 'dry skin, eyes, mouth, or nose', 'nosebleeds', 'changes in skin color', 'peeling skin on the palms of the hands and soles of the feet', 'changes in the nails', 'slowed healing of cuts or sores', 'bleeding or swollen gums', 'hair loss or unwanted hair growth', 'sweating', 'flushing', 'voice changes', 'tiredness', 'cold symptoms', 'headache', 'blurred vision', 'dizziness', 'nausea', 'vomiting', 'seizures', 'slow or difficult speech', 'weakness or numbness of one part or side of the body', 'stomach pain', 'chest pain', 'difficulty swallowing', 'pain when swallowing', 'new or worsening heartburn', 'diarrhea', 'rectal bleeding', 'yellowing of the skin or eyes', 'dark colored urine', 'back, bone, joint or muscle pain', 'muscle weakness', 'difficulty hearing', 'ringing in the ears', 'vision problems', 'painful or constant dryness of the eyes', 'unusual thirst', 'frequent urination', 'trouble breathing', 'fainting', 'fast or pounding heartbeat', 'red, swollen, itchy, or teary eyes', 'fever', 'rash', 'peeling or blistering skin, especially on the legs, arms, or face', 'sores in the mouth, throat, nose, or eyes', 'red patches or bruises on the legs', 'swelling of the eyes, face, lips, tongue, throat, arms, hands, feet, ankles, or lower legs', 'difficulty swallowing', 'pain when swallowing']","['red, cracked, and sore lips', 'dry skin, eyes, mouth, or nose', 'nosebleeds', 'changes in skin color', 'peeling skin on the palms of the hands and soles of the feet', 'changes in the nails', 'slowed healing of cuts or sores', 'bleeding or swollen gums', 'hair loss or unwanted hair growth', 'sweating', 'flushing', 'voice changes', 'tiredness', 'cold symptoms', 'headache', 'blurred vision', 'dizziness', 'nausea', 'vomiting', 'seizures', 'slow or difficult speech', 'weakness or numbness of one part or side of the body', 'stomach pain', 'chest pain', 'difficulty swallowing', 'pain when swallowing', 'new or worsening heartburn', 'diarrhea', 'rectal bleeding', 'yellowing of the skin or eyes', 'dark colored urine', 'back, bone, joint or muscle pain', 'muscle weakness', 'difficulty hearing', 'ringing in the ears', 'vision problems', 'painful or constant dryness of the eyes', 'unusual thirst', 'frequent urination', 'trouble breathing', 'fainting', 'fast or pounding heartbeat', 'red, swollen, itchy, or teary eyes', 'fever', 'rash', 'peeling or blistering skin, especially on the legs, arms, or face', 'sores in the mouth, throat, nose, or eyes', 'red patches or bruises on the legs', 'swelling of the eyes, face, lips, tongue, throat, arms, hands, feet, ankles, or lower legs', 'difficulty swallowing', 'pain when swallowing']"
13,a605043,Fentanyl,"['drowsiness', 'headache', 'stomach pain', 'gas', 'heartburn', 'weight loss', 'difficulty urinating', 'changes in vision', 'anxiety', 'depression', 'unusual thinking', 'unusual dreams', 'difficulty falling asleep or staying asleep', 'dry mouth', 'sudden reddening of the face, neck, or upper chest', 'uncontrollable shaking of a part of the body', 'back pain', 'pain, sores, or irritation in the mouth in the area where you placed the medication', 'swelling of the hands, arms, feet, ankles, or lower legs', 'changes in heartbeat', 'agitation, hallucinations, fever, sweating, confusion, fast heartbeat, shivering, severe muscle stiffness or twitching, loss of coordination,or diarrhea', 'nausea, vomiting, loss of appetite, weakness, or dizziness', 'inability to get or keep an erection', 'irregular menstruation', 'decreased sexual desire', 'seizures', 'rash', 'hives', 'itching', 'hoarseness', 'difficulty breathing or swallowing', 'swelling of the face, mouth, tongue or throat', 'changes in heartbeat', 'chest pain', 'extreme drowsiness']","['drowsiness', 'headache', 'stomach pain', 'gas', 'heartburn', 'weight loss', 'difficulty urinating', 'changes in vision', 'anxiety', 'depression', 'unusual thinking', 'unusual dreams', 'difficulty falling asleep or staying asleep', 'dry mouth', 'sudden reddening of the face, neck, or upper chest', 'uncontrollable shaking of a part of the body', 'back pain', 'pain, sores, or irritation in the mouth in the area where you placed the medication', 'swelling of the hands, arms, feet, ankles, or lower legs', 'changes in heartbeat', 'agitation', 'hallucinations', 'fever', 'sweating', 'confusion', 'fast heartbeat', 'shivering', 'severe muscle stiffness or twitching', 'loss of coordination', 'diarrhea', 'nausea', 'vomiting', 'loss of appetite', 'weakness', 'dizziness', 'inability to get or keep an erection', 'irregular menstruation', 'decreased sexual desire', 'seizures', 'rash', 'hives', 'itching', 'hoarseness', 'difficulty breathing or swallowing', 'swelling of the face, mouth, tongue or throat', 'changes in heartbeat', 'chest pain', 'extreme drowsiness']"
14,a618004,Acalabrutinib,"['headache', 'nausea', 'vomiting', 'constipation', 'diarrhea', 'abdominal pain', 'rash', 'light bruising or small red or purple spots on skin', 'joint or muscle pain', 'extreme tiredness', 'fever', 'sore throat', 'chills', 'signs of infection', 'cough', 'shortness of breath', 'chest pain when you breathe or cough', 'fever', 'fast or irregular heartbeat, palpitations, feeling lightheaded or dizzy, fainting, shortness of breath, chest pain', 'unusual or severe bleeding or bruising', 'blood in your stools or black, tarry stools; pink or brown urine; vomiting blood or coffee ground vomit; coughing up blood', 'feeling dizzy, weak, or confused; changes in speech; headache that lasts a long time']","['headache', 'nausea', 'vomiting', 'constipation', 'diarrhea', 'abdominal pain', 'rash', 'light bruising or small red or purple spots on skin', 'joint or muscle pain', 'extreme tiredness', 'fever', 'sore throat', 'chills', 'signs of infection', 'cough', 'shortness of breath', 'chest pain when you breathe or cough', 'fever', 'fast or irregular heartbeat', 'palpitations', 'feeling lightheaded or dizzy', 'fainting', 'shortness of breath', 'chest pain', 'unusual or severe bleeding or bruising', 'blood in your stools or black, tarry stools', 'pink or brown urine', 'vomiting blood or coffee ground vomit', 'coughing up blood', 'feeling dizzy, weak, or confused', 'changes in speech', 'headache that lasts a long time']"
15,a604028,Acamprosate,"['diarrhea', 'gas', 'upset stomach', 'loss of appetite', 'dry mouth', 'dizziness', 'itching', 'weakness', 'nausea', 'anxiety', 'difficulty falling asleep or staying asleep', 'sweating', 'burning, tingling, or numbness in the hands, feet, arms, or legs', 'rash']","['diarrhea', 'gas', 'upset stomach', 'loss of appetite', 'dry mouth', 'dizziness', 'itching', 'weakness', 'nausea', 'anxiety', 'difficulty falling asleep or staying asleep', 'sweating', 'burning, tingling, or numbness in the hands, feet, arms, or legs', 'rash']"
16,a601026,Benzoyl Peroxide,"['dryness or peeling of skin', 'feeling of warmth', 'tingling', 'slight stinging', 'burning, blistering, redness, or swelling of the area of the treated area', 'rash', 'hives', 'itching', 'throat tightness', 'difficulty breathing', 'feeling faint', 'swelling of the eyes, face, lips, or tongue']","['dryness or peeling of skin', 'feeling of warmth', 'tingling', 'slight stinging', 'burning, blistering, redness, or swelling of the area of the treated area', 'rash', 'hives', 'itching', 'throat tightness', 'difficulty breathing', 'feeling faint', 'swelling of the eyes, face, lips, or tongue']"
17,a696015,Acarbose,"['shakiness', 'dizziness or lightheadedness', 'sweating', 'nervousness or irritability', 'sudden changes in behavior or mood', 'headache', 'numbness or tingling around the mouth', 'weakness', 'pale skin', 'hunger', 'clumsy or jerky movements', 'confusion', 'seizures', 'loss of consciousness', 'extreme thirst', 'frequent urination', 'extreme hunger', 'weakness', 'blurred vision', 'dry mouth', 'upset stomach and vomiting', 'shortness of breath', 'breath that smells fruity', 'decreased consciousness']","['shakiness', 'dizziness or lightheadedness', 'sweating', 'nervousness or irritability', 'sudden changes in behavior or mood', 'headache', 'numbness or tingling around the mouth', 'weakness', 'pale skin', 'hunger', 'clumsy or jerky movements', 'confusion', 'seizures', 'loss of consciousness', 'extreme thirst', 'frequent urination', 'extreme hunger', 'weakness', 'blurred vision', 'dry mouth', 'upset stomach and vomiting', 'shortness of breath', 'breath that smells fruity', 'decreased consciousness']"
18,a697007,Zafirlukast,"['headache', 'nausea', 'loss of appetite', 'pain in the right upper part of your stomach', 'excessive tiredness', 'lack of energy', 'itching', 'yellowing of the skin or eyes', 'flu-like symptoms', 'rash', 'swelling of the eyes, face, lips, tongue, or throat', 'difficulty breathing or swallowing', 'hoarseness', 'pain, burning, numbness, or tingling in the hands or feet']","['headache', 'nausea', 'loss of appetite', 'pain in the right upper part of your stomach', 'excessive tiredness', 'lack of energy', 'itching', 'yellowing of the skin or eyes', 'flu-like symptoms', 'rash', 'swelling of the eyes, face, lips, tongue, or throat', 'difficulty breathing or swallowing', 'hoarseness', 'pain, burning, numbness, or tingling in the hands or feet']"
19,a682619,Pseudoephedrine,"['restlessness', 'nausea', 'vomiting', 'weakness', 'headache', 'nervousness', 'dizziness', 'difficulty sleeping', 'stomach pain', 'difficulty breathing', 'fast, pounding, or irregular heartbeat']","['restlessness', 'nausea', 'vomiting', 'weakness', 'headache', 'nervousness', 'dizziness', 'difficulty sleeping', 'stomach pain', 'difficulty breathing', 'fast, pounding, or irregular heartbeat']"
20,a607004,Albuterol,"['nervousness', 'shakiness', 'dizziness', 'headache', 'uncontrollable shaking of a part of the body', 'muscle cramps', 'excessive motion or activity', 'sudden changes in mood', 'nosebleed', 'nausea', 'increased or decreased appetite', 'difficulty falling asleep or staying asleep', 'pale skin', 'fast, pounding, or irregular heartbeat', 'chest pain', 'fever', 'blisters or rash', 'hives', 'itching', 'swelling of the face, throat, tongue, lips, eyes, hands, feet, ankles, or lower legs', 'increased difficulty breathing', 'difficulty swallowing', 'hoarseness']","['nervousness', 'shakiness', 'dizziness', 'headache', 'uncontrollable shaking of a part of the body', 'muscle cramps', 'excessive motion or activity', 'sudden changes in mood', 'nosebleed', 'nausea', 'increased or decreased appetite', 'difficulty falling asleep or staying asleep', 'pale skin', 'fast, pounding, or irregular heartbeat', 'chest pain', 'fever', 'blisters', 'rash', 'hives', 'itching', 'swelling of the face, throat, tongue, lips, eyes, hands, feet, ankles, or lower legs', 'increased difficulty breathing', 'difficulty swallowing', 'hoarseness']"
21,a692026,Quinapril,"['dizziness', 'excessive tiredness', 'cough', 'upset stomach', 'vomiting', 'swelling of the face, throat, tongue, lips, eyes, hands, feet, ankles, or lower legs', 'hoarseness', 'difficulty breathing or swallowing', 'yellowing of the skin or eyes', 'fever', 'sore throat', 'chills', 'signs of infection', 'chest pain', 'lightheadedness', 'fainting']","['dizziness', 'excessive tiredness', 'cough', 'upset stomach', 'vomiting', 'swelling of the face, throat, tongue, lips, eyes, hands, feet, ankles, or lower legs', 'hoarseness', 'difficulty breathing or swallowing', 'yellowing of the skin or eyes', 'fever', 'sore throat', 'chills', 'signs of infection', 'chest pain', 'lightheadedness', 'fainting']"
22,a681006,Theophylline,"['upset stomach', 'stomach pain', 'diarrhea', 'headache', 'restlessness', 'difficulty falling asleep or staying asleep', 'irritability', 'vomiting', 'increased or rapid heart rate', 'irregular heartbeat', 'seizures', 'rash']","['upset stomach', 'stomach pain', 'diarrhea', 'headache', 'restlessness', 'difficulty falling asleep or staying asleep', 'irritability', 'vomiting', 'increased or rapid heart rate', 'irregular heartbeat', 'seizures', 'rash']"
24,a687003,Acebutolol,"['dizziness', 'lightheadedness', 'excessive tiredness', 'headache', 'constipation', 'diarrhea', 'upset stomach', 'nausea', 'muscle pain', 'joint pain', 'difficulty falling asleep or staying asleep', 'shortness of breath', 'wheezing', 'slow heart rate', 'muscle pain', 'joint pain', 'unusual weight gain', 'swelling of the hands, feet, ankles, or lower legs', 'chest pain']","['dizziness', 'lightheadedness', 'excessive tiredness', 'headache', 'constipation', 'diarrhea', 'upset stomach', 'nausea', 'muscle pain', 'joint pain', 'difficulty falling asleep or staying asleep', 'shortness of breath', 'wheezing', 'slow heart rate', 'muscle pain', 'joint pain', 'unusual weight gain', 'swelling of the hands, feet, ankles, or lower legs', 'chest pain']"
25,a625091,Aceclidine,"['sudden onset of flashing lights, floaters or vision loss']","['sudden onset of flashing lights, floaters or vision loss']"
26,a602017,Perindopril,"['cough', 'headache', 'weakness', 'dizziness', 'diarrhea', 'stomach pain', 'upset stomach', 'swelling of the face, throat, tongue, lips, eyes, hands, feet, ankles, or lower legs', 'hoarseness', 'difficulty breathing or swallowing', 'lightheadedness', 'fainting', 'fever', 'sore throat', 'chills', 'signs of infection', 'irregular or rapid heartbeats']","['cough', 'headache', 'weakness', 'dizziness', 'diarrhea', 'stomach pain', 'upset stomach', 'swelling of the face, throat, tongue, lips, eyes, hands, feet, ankles, or lower legs', 'hoarseness', 'difficulty breathing or swallowing', 'lightheadedness', 'fainting', 'fever', 'sore throat', 'chills', 'signs of infection', 'irregular or rapid heartbeats']"
27,a681004,Acetaminophen,"['red', 'peeling or blistering skin', 'rash', 'hives'', 'itching', 'swelling of the face, throat, tongue, lips, hands, feet, ankles or lower legs', 'hoarseness', 'difficulty breathing or swallowing', 'yellowing of the skin or whites of the eyes; upper belly pain; dark urine; pale stools']","['red, peeling or blistering skin', 'rash', 'hives', 'itching', 'swelling of the face, throat, tongue, lips, hands, feet, ankles or lower legs', 'hoarseness', 'difficulty breathing or swallowing', 'yellowing of the skin or whites of the eyes', 'upper belly pain', 'dark urine', 'pale stools']"
28,a682756,Acetazolamide,"['upset stomach', 'vomiting', 'loss of appetite', 'numbness and tingling', 'increased thirst and urination', 'drowsiness', 'headache', 'confusion', 'fever', 'rash', 'blood in urine', 'painful urination', 'yellowing of the skin or eyes', 'seizures', 'sore throat', 'unusual bleeding or bruising']","['upset stomach', 'vomiting', 'loss of appetite', 'numbness and tingling', 'increased thirst and urination', 'drowsiness', 'headache', 'confusion', 'fever', 'rash', 'blood in urine', 'painful urination', 'yellowing of the skin or eyes', 'seizures', 'sore throat', 'unusual bleeding or bruising']"
29,a682098,Tetracycline,"['nausea', 'vomiting', 'diarrhea', 'itching of the rectum or vagina', 'swollen tongue', 'black or hairy tongue', 'sore or irritated throat', 'headache', 'blurred vision, seeing double, or loss of vision', 'skin rash', 'hives', 'swelling of the face, throat, tongue, lips, and eyes', 'difficulty breathing or swallowing', 'joint stiffness or swelling', 'unusual bleeding or bruising', 'chest pain', 'a return of fever', 'sore throat', 'chills', 'signs of infection', 'watery or bloody stools , stomach cramps, or fever during treatment or for up to two or more months after stopping treatment']","['nausea', 'vomiting', 'diarrhea', 'itching of the rectum or vagina', 'swollen tongue', 'black or hairy tongue', 'sore or irritated throat', 'headache', 'blurred vision', 'seeing double', 'loss of vision', 'skin rash', 'hives', 'swelling of the face, throat, tongue, lips, and eyes', 'difficulty breathing or swallowing', 'joint stiffness or swelling', 'unusual bleeding or bruising', 'chest pain', 'a return of fever', 'sore throat', 'chills', 'signs of infection', 'watery or bloody stools ', 'stomach cramps', 'fever during treatment or for up to two or more months after stopping treatment']"
30,a699060,Rabeprazole,"['headache', 'nausea', 'vomiting', 'constipation', 'diarrhea', 'gas', 'sore throat', 'in men, difficulty achieving or maintaining an erection', 'blistering, peeling, or bleeding skin; sores on the lips, nose, mouth, or genitals; swollen glands; shortness of breath; fever; or flu-like symptoms', 'rash', 'hives', 'itching', 'swelling of the eyes, face, lips, mouth, throat, or tongue', 'difficulty breathing or swallowing', 'hoarseness', 'irregular, fast, or pounding heartbeat; muscle spasms; uncontrollable shaking of a part of the body; excessive tiredness; lightheadedness; dizziness; or seizures', 'severe diarrhea with watery stools, stomach pain, or fever that does not go away', 'new or worsening joint pain; rash on cheeks or arms that is sensitive to sunlight', 'increased or decreased urination, blood in urine, fatigue, nausea, loss of appetite, fever, rash, or joint pain']","['headache', 'nausea', 'vomiting', 'constipation', 'diarrhea', 'gas', 'sore throat', 'difficulty achieving or maintaining an erection', 'blistering, peeling, or bleeding skin', 'sores on the lips, nose, mouth, or genitals', 'swollen glands', 'shortness of breath', 'fever', 'flu-like symptoms', 'rash', 'hives', 'itching', 'swelling of the eyes, face, lips, mouth, throat, or tongue', 'difficulty breathing or swallowing', 'hoarseness', 'irregular, fast, or pounding heartbeat', 'muscle spasms', 'uncontrollable shaking of a part of the body', 'excessive tiredness', 'lightheadedness', 'dizziness', 'seizures', 'severe diarrhea with watery stools, stomach pain, or fever that does not go away', 'new or worsening joint pain', 'rash on cheeks or arms that is sensitive to sunlight', 'increased or decreased urination', 'blood in urine', 'fatigue', 'nausea', 'loss of appetite', 'fever', 'rash', 'joint pain']"
31,a601010,Acitretin,"['peeling, dry, itchy, scaling, cracked, blistered, sticky or infected skin', 'brittle or weak fingernails and toenails', 'dandruff', 'sunburn', 'abnormal skin odor', 'excessive sweating', 'hair loss', 'changes in hair texture', 'dry eyes', 'loss of eyebrows or eyelashes', 'hot flashes or flushing', 'chapped or swollen lips', 'swollen or bleeding gums', 'excessive saliva', 'tongue pain, swelling, or blistering', 'mouth swelling or blisters', 'stomach pain', 'diarrhea', 'increased appetite', 'difficulty falling or staying asleep', 'sinus infection', 'runny nose', 'dry nose', 'nosebleed', 'joint pain', 'tight muscles', 'changes in taste', 'rash', 'headache', 'extreme thirst, frequent urination, extreme hunger, blurred vision, or weakness', 'dry mouth, nausea and vomiting, shortness of breath, breath that smells fruity, and decreased consciousness', 'pain, swelling, or redness of eyes or eyelids', 'eye pain', 'eyes sensitive to light', 'swelling of hands, feet, ankles, or lower legs', 'redness or swelling in one leg only', 'depression', 'thoughts of hurting or killing yourself', 'bone, muscle, or back pain', 'difficulty moving any part of your body', 'loss of feeling in hands or feet', 'chest pain', 'slow or difficult speech', 'tingling in arms and legs', 'loss of muscle tone', 'weakness or heaviness in legs', 'cold, gray, or pale skin', 'slow or irregular heartbeat', 'dizziness', 'fast heartbeat', 'weakness', 'shortness of breath', 'ear pain or ringing']","['peeling, dry, itchy, scaling, cracked, blistered, sticky or infected skin', 'brittle or weak fingernails and toenails', 'dandruff', 'sunburn', 'abnormal skin odor', 'excessive sweating', 'hair loss', 'changes in hair texture', 'dry eyes', 'loss of eyebrows or eyelashes', 'hot flashes or flushing', 'chapped or swollen lips', 'swollen or bleeding gums', 'excessive saliva', 'tongue pain, swelling, or blistering', 'mouth swelling or blisters', 'stomach pain', 'diarrhea', 'increased appetite', 'difficulty falling or staying asleep', 'sinus infection', 'runny nose', 'dry nose', 'nosebleed', 'joint pain', 'tight muscles', 'changes in taste', 'rash', 'headache', 'extreme thirst', 'frequent urination', 'extreme hunger', 'blurred vision', 'weakness', 'dry mouth', 'nausea', 'vomiting', 'shortness of breath', 'breath that smells fruity', 'decreased consciousness', 'pain, swelling, or redness of eyes or eyelids', 'eye pain', 'eyes sensitive to light', 'swelling of hands, feet, ankles, or lower legs', 'redness or swelling in one leg only', 'depression', 'thoughts of hurting or killing yourself', 'bone, muscle, or back pain', 'difficulty moving any part of your body', 'loss of feeling in hands or feet', 'chest pain', 'slow or difficult speech', 'tingling in arms and legs', 'loss of muscle tone', 'weakness or heaviness in legs', 'cold, gray, or pale skin', 'slow or irregular heartbeat', 'dizziness', 'fast heartbeat', 'weakness', 'shortness of breath', 'ear pain or ringing']"
32,a613001,Aclidinium,"['headache', 'runny nose and other cold symptoms', 'cough', 'diarrhea', 'sudden shortness of breath immediately after inhaling the medication', 'eye pain or redness', 'blurred vision', 'seeing halos or bright colors around lights', 'nauseavomiting', 'difficult, painful or frequent urination', 'weak urine stream', 'rash', 'hives', 'itching', 'swelling of the eyes, face, lips, mouth, tongue, or throat', 'difficulty breathing or swallowing']","['headache', 'runny nose and other cold symptoms', 'cough', 'diarrhea', 'sudden shortness of breath immediately after inhaling the medication', 'eye pain or redness', 'blurred vision', 'seeing halos or bright colors around lights', 'nausea', 'vomiting', 'difficult, painful or frequent urination', 'weak urine stream', 'rash', 'hives', 'itching', 'swelling of the eyes, face, lips, mouth, tongue, or throat', 'difficulty breathing or swallowing']"
33,a625071,Acoltremon,"['irritation, burning, or stinging feeling when the eye drops are instilled', 'pain, swelling, or redness of eyes or eyelids', 'eye injury']","['irritation, burning, or stinging feeling when the eye drops are instilled', 'pain, swelling, or redness of eyes or eyelids', 'eye injury']"
34,a625013,Acoramidis,"['diarrhea', 'stomach pain']","['diarrhea', 'stomach pain']"
35,a682063,Doxycycline,"['nausea', 'vomiting', 'diarrhea', 'loss of appetite', 'itching of the rectum', 'swelling, redness, burning, itching, or irritation of the vagina', 'vaginal discharge', 'painful or difficult urination', 'sore throat or nose', 'swollen tongue', 'dry mouth', 'anxiety', 'back pain', 'changes in color of skin, scars, nails, eyes, or mouth', 'headache', 'blurred vision, seeing double, or loss of vision', 'rash that may occur with fever or swollen glands', 'hives', 'skin redness, peeling or blistering', 'difficulty breathing or swallowing', 'swelling of the eyes, face, throat, tongue, or lips', 'unusual bleeding or bruising', 'watery or bloody stools, stomach cramps, or fever during treatment or for up to two or more months after stopping treatment', 'a return of fever', 'sore throat', 'chills', 'signs of infection', 'joint pain', 'discoloration of permanent (adult) teeth']","['nausea', 'vomiting', 'diarrhea', 'loss of appetite', 'itching of the rectum', 'swelling, redness, burning, itching, or irritation of the vagina', 'vaginal discharge', 'painful or difficult urination', 'sore throat or nose', 'swollen tongue', 'dry mouth', 'anxiety', 'back pain', 'changes in color of skin, scars, nails, eyes, or mouth', 'headache', 'blurred vision', 'seeing double', 'loss of vision', 'rash that may occur with fever or swollen glands', 'hives', 'skin redness, peeling or blistering', 'difficulty breathing or swallowing', 'swelling of the eyes, face, throat, tongue, or lips', 'unusual bleeding or bruising', 'watery or bloody stools', 'stomach cramps', 'fever during treatment or for up to two or more months after stopping treatment', 'a return of fever', 'sore throat', 'chills', 'signs of infection', 'joint pain', 'discoloration of permanent (adult) teeth']"
36,a682543,Chlorpheniramine,"['drowsiness', 'dry mouth, nose, and throat', 'nausea', 'vomiting', 'loss of appetite', 'constipation', 'headache', 'increased chest congestion', 'vision problems', 'difficulty urinating']","['drowsiness', 'dry mouth, nose, and throat', 'nausea', 'vomiting', 'loss of appetite', 'constipation', 'headache', 'increased chest congestion', 'vision problems', 'difficulty urinating']"
37,a601152,Interferon Gamma-1b,"['extreme tiredness', 'diarrhea', 'nausea', 'vomiting', 'muscle pain', 'joint pain', 'dizziness', 'problems with walking', 'confusion', 'bruising, redness, swelling, bleeding, or irritation at the injection spot', 'rash', 'itching', 'difficulty breathing or swallowing', 'hives', 'swelling of the eyes, face, mouth, tongue, and throat']","['extreme tiredness', 'diarrhea', 'nausea', 'vomiting', 'muscle pain', 'joint pain', 'dizziness', 'problems with walking', 'confusion', 'bruising, redness, swelling, bleeding, or irritation at the injection spot', 'rash', 'itching', 'difficulty breathing or swallowing', 'hives', 'swelling of the eyes, face, mouth, tongue, and throat']"
38,a682224,Dactinomycin,"['vomiting', 'stomach pain', 'diarrhea', 'hair loss', 'hives', 'rash', 'difficulty breathing or swallowing', 'nausea', 'extreme tiredness', 'unusual bleeding or bruising', 'sores in the mouth and throat', 'lack of energy', 'loss of appetite', 'pain in the upper right part of the stomach', 'yellowing of the skin or eyes', 'fever, sore throat, ongoing cough and congestion, or other signs of infection', 'unusual bleeding or bruising', 'black and tarry stools', 'red blood in stools']","['vomiting', 'stomach pain', 'diarrhea', 'hair loss', 'hives', 'rash', 'difficulty breathing or swallowing', 'nausea', 'extreme tiredness', 'unusual bleeding or bruising', 'sores in the mouth and throat', 'lack of energy', 'loss of appetite', 'pain in the upper right part of the stomach', 'yellowing of the skin or eyes', 'fever', 'sore throat', 'ongoing cough and congestion', 'signs of infection', 'unusual bleeding or bruising', 'black and tarry stools', 'red blood in stools']"
39,a625001,Alteplase,"['bleeding', 'itching, rash, hives', 'swelling of face, eyelids, lips, mouth, tongue or throat', 'trouble breathing, throat or chest tightness, feeling faint', 'vomiting blood', 'blood in the urine or stool', 'severe headache, nausea, vomiting', 'change\r\nin consciousness or wakefulness', 'weakness or numbness in face, arm or leg (usually on one side)', 'loss of vision', 'seizures']","['bleeding', 'itching', 'rash', 'hives', 'swelling of face, eyelids, lips, mouth, tongue or throat', 'trouble breathing', 'throat or chest tightness', 'feeling faint', 'vomiting blood', 'blood in the urine or stool', 'severe headache', 'nausea', 'vomiting', 'change in consciousness or wakefulness', 'weakness or numbness in face, arm or leg (usually on one side)', 'loss of vision', 'seizures']"
40,a696005,Metformin,"['diarrhea', 'nausea', 'stomach discomfort', 'gas', 'indigestion', 'constipation', 'lack of energy', 'weakness', 'change in sense of taste', 'headache', 'flushing of the skin', 'nail changes', 'muscle pain', 'rash', 'chest pain']","['diarrhea', 'nausea', 'stomach discomfort', 'gas', 'indigestion', 'constipation', 'lack of energy', 'weakness', 'change in sense of taste', 'headache', 'flushing of the skin', 'nail changes', 'muscle pain', 'rash', 'chest pain']"
41,a699016,Pioglitazone,"['headache', 'muscle pain', 'pain in the arms or legs', 'sore throat', 'gas', 'changes in vision', 'vision loss', 'frequent, painful, or difficult urination', 'cloudy, discolored, or bloody urine', 'back or stomach pain']","['headache', 'muscle pain', 'pain in the arms or legs', 'sore throat', 'gas', 'changes in vision', 'vision loss', 'frequent, painful, or difficult urination', 'cloudy, discolored, or bloody urine', 'back or stomach pain']"
42,a693001,Ketorolac,"['headache', 'dizziness', 'drowsiness', 'diarrhea', 'constipation', 'gas', 'sores in the mouth', 'sweating', 'fever', 'blisters', 'unexplained weight gain', 'shortness of breath', 'difficulty breathing', 'swelling in the abdomen, ankles, feet, or legs', 'yellowing of the skin or eyes', 'excessive tiredness', 'unusual bleeding or bruising', 'lack of energy', 'nausea', 'loss of appetite', 'pain in the upper right part of the stomach', 'flu-like symptoms', 'pale skin', 'fast heartbeat', 'cloudy, discolored, or bloody urine', 'back pain', 'difficult or painful urination']","['headache', 'dizziness', 'drowsiness', 'diarrhea', 'constipation', 'gas', 'sores in the mouth', 'sweating', 'fever', 'blisters', 'unexplained weight gain', 'shortness of breath', 'difficulty breathing', 'swelling in the abdomen, ankles, feet, or legs', 'yellowing of the skin or eyes', 'excessive tiredness', 'unusual bleeding or bruising', 'lack of energy', 'nausea', 'loss of appetite', 'pain in the upper right part of the stomach', 'flu-like symptoms', 'pale skin', 'fast heartbeat', 'cloudy, discolored, or bloody urine', 'back pain', 'difficult or painful urination']"
43,a681045,Acyclovir,"['upset stomach', 'vomiting', 'diarrhea', 'dizziness', 'tiredness', 'agitation', 'pain, especially in the joints', 'hair loss', 'changes in vision', 'hives', 'rash', 'blisters', 'itching', 'difficulty breathing or swallowing', 'swelling of the face, throat, tongue, lips, eyes, hands, feet, ankles, or lower legs', 'hoarseness', 'fast heartbeat', 'weakness', 'pale skin', 'difficulty sleeping', 'fever', 'sore throat', 'chills', 'cough', 'signs of infection', 'unusual bruising or bleeding', 'blood in the urine', 'stomach pain or cramps', 'bloody diarrhea', 'decreased urination', 'headache', 'hallucinations', 'confusion', 'aggressive behavior', 'difficulty speaking', 'numbness, burning, or tingling in the arms or legs', 'temporary inability to move parts of your body', 'shaking of a part of your body that you cannot control', 'seizures', 'loss of consciousness']","['upset stomach', 'vomiting', 'diarrhea', 'dizziness', 'tiredness', 'agitation', 'pain, especially in the joints', 'hair loss', 'changes in vision', 'hives', 'rash', 'blisters', 'itching', 'difficulty breathing or swallowing', 'swelling of the face, throat, tongue, lips, eyes, hands, feet, ankles, or lower legs', 'hoarseness', 'fast heartbeat', 'weakness', 'pale skin', 'difficulty sleeping', 'fever', 'sore throat', 'chills', 'cough', 'signs of infection', 'unusual bruising or bleeding', 'blood in the urine', 'stomach pain or cramps', 'bloody diarrhea', 'decreased urination', 'headache', 'hallucinations', 'confusion', 'aggressive behavior', 'difficulty speaking', 'numbness, burning, or tingling in the arms or legs', 'temporary inability to move parts of your body', 'shaking of a part of your body that you cannot control', 'seizures', 'loss of consciousness']"
44,a682128,Dapsone,"['upset stomach', 'vomiting', 'sore throat', 'fever', 'rash', 'yellowing of the skin or eyes', 'unusual bruising']","['upset stomach', 'vomiting', 'sore throat', 'fever', 'rash', 'yellowing of the skin or eyes', 'unusual bruising']"
45,a623003,Adagrasib,"['nausea', 'vomiting', 'diarrhea', 'constipation', 'loss of appetite', 'rash', 'dry skin', 'muscle or bone pain', 'tiredness', 'numbness or tingling in your hands or feet', 'bloody vomitvomiting blood or brown material that resembles coffee grounds', 'bloody, black, or tarry stools', 'abdominal pain or stomach cramps', 'yellowing of skin or eyes, dark-colored urine, light-colored stools, bleeding or bruising more easily than normal, loss of appetite, decreased energy, or pain on right side of stomach area', 'shortness of breath, cough, or fever', 'dizziness, lightheadedness, or fainting', 'slow or irregular heartbeat', 'decreased urination; swelling of the face, arms, hands, feet, ankles, or lower legs; or unusual tiredness or weakness']","['nausea', 'vomiting', 'diarrhea', 'constipation', 'loss of appetite', 'rash', 'dry skin', 'muscle or bone pain', 'tiredness', 'numbness or tingling in your hands or feet', 'bloody vomit', 'vomiting blood or brown material that resembles coffee grounds', 'bloody, black, or tarry stools', 'abdominal pain or stomach cramps', 'yellowing of skin or eyes', 'dark-colored urine', 'light-colored stools', 'bleeding or bruising more easily than normal', 'loss of appetite', 'decreased energy', 'pain on right side of stomach area', 'shortness of breath', 'cough', 'fever', 'dizziness', 'lightheadedness', 'fainting', 'slow or irregular heartbeat', 'decreased urination', 'swelling of the face, arms, hands, feet, ankles, or lower legs', 'unusual tiredness or weakness']"
46,a620010,Crizanlizumab,"['nausea', 'back or joint pain', 'fever', 'redness, pain, swelling, or burning at the site where the injection was given']","['nausea', 'back or joint pain', 'fever', 'redness, pain, swelling, or burning at the site where the injection was given']"
47,a684028,Nifedipine,"['headache', 'nausea', 'dizziness or lightheadedness', 'flushing', 'heartburn', 'fast heartbeat', 'muscle cramps', 'constipation', 'cough', 'decreased sexual ability', 'swelling of the face, eyes, lips, tongue, hands, arms, feet, ankles, or lower legs', 'difficulty breathing or swallowing', 'fainting', 'rash', 'yellowing of the skin or eyes', 'increase in frequency or severity of chest pain (angina)']","['headache', 'nausea', 'dizziness or lightheadedness', 'flushing', 'heartburn', 'fast heartbeat', 'muscle cramps', 'constipation', 'cough', 'decreased sexual ability', 'swelling of the face, eyes, lips, tongue, hands, arms, feet, ankles, or lower legs', 'difficulty breathing or swallowing', 'fainting', 'rash', 'yellowing of the skin or eyes', 'increase in frequency or severity of chest pain (angina)']"
48,a682064,Amantadine,"['dry mouth', 'constipation', 'nausea', 'vomiting', 'decreased appetite', 'difficulty falling asleep or staying asleep', 'abnormal dreams', 'headache', 'confusion', 'drowsiness', 'tiredness', 'uncontrollable tightening of muscles, change from normal walking,falls', 'lace-like purple pattern on skin', 'hallucinations', 'believing things that are not true', 'not trusting others or feeling that others want to hurt you', 'depression', 'anxiety', 'suicidal', 'lack of interest, enthusiasm, or concern', 'dizziness, lightheadedness, fainting, blurred vision', 'swelling of the hands, feet, ankles, or lower legs', 'difficulty urinating', 'shortness of breath']","['dry mouth', 'constipation', 'nausea', 'vomiting', 'decreased appetite', 'difficulty falling asleep or staying asleep', 'abnormal dreams', 'headache', 'confusion', 'drowsiness', 'tiredness', 'uncontrollable tightening of muscles', 'change from normal walking', 'falls', 'lace-like purple pattern on skin', 'hallucinations', 'believing things that are not true', 'not trusting others or feeling that others want to hurt you', 'depression', 'anxiety', 'suicidal', 'lack of interest, enthusiasm, or concern', 'dizziness', 'lightheadedness', 'fainting', 'blurred vision', 'swelling of the hands, feet, ankles, or lower legs', 'difficulty urinating', 'shortness of breath']"
49,a604001,Adapalene,"['redness', 'scaling', 'dryness', 'burning or stinging', 'pain at the application site', 'hives, itching, shortness of breath', 'difficulty breathing', 'swelling of the eyes, face, lips, tongue, or throat']","['redness', 'scaling', 'dryness', 'burning or stinging', 'pain at the application site', 'hives', 'itching', 'shortness of breath', 'difficulty breathing', 'swelling of the eyes, face, lips, tongue, or throat']"
50,a622011,Tralokinumab,"['cough, runny nose, sneezing, sore throat', 'watery, red, itchy eyes', 'pain, swelling, redness at the site of injection', 'breathing problems', 'swelling of the mouth, face and tongue', 'rash', 'hives', 'itching', 'fainting', 'dizziness', 'eye pain', 'changes in vision']","['cough', 'runny nose', 'sneezing', 'sore throat', 'watery, red, itchy eyes', 'pain, swelling, redness at the site of injection', 'breathing problems', 'swelling of the mouth, face and tongue', 'rash', 'hives', 'itching', 'fainting', 'dizziness', 'breathing problems', 'swelling of the mouth, face and tongue', 'rash', 'hives', 'itching', 'fainting', 'dizziness', 'eye pain', 'changes in vision']"
51,a611052,Brentuximab Vedotin,"['constipation', 'diarrhea', 'vomiting', 'nausea', 'mouth sores or pain', 'decreased appetite', 'weight loss', 'tiredness', 'dizziness', 'weakness', 'difficulty falling asleep or staying asleep', 'anxiety', 'dry skin', 'hair loss', 'night sweats', 'joint, bone, muscle, back, arm, or leg pain', 'muscle spasms', 'numbness, burning, or tingling in the hands, arms, feet, or legs; or muscle weakness', 'peeling or blistering skin or rash', 'fever, chills, nausea, vomiting, confusion, shortness of breath, seizures, irregular heartbeat, dark or cloudy urine, unusual tiredness, muscle or joint pain', 'new or worsening cough or shortness of breath', 'decreased urination', 'swelling of the hands, feet, ankles, or lower legs', 'fatigue', 'fever; chills; cough; difficult, painful, or frequent urination; or other signs of infection', 'ongoing pain that begins in the stomach area but may spread to the back, nausea,vomiting', 'pale skin, unusual tiredness or weakness, shortness of breath, or dizziness', 'yellowing of the skin or eyes, lack of energy, pain or discomfort in the right upper stomach area, dark urine, light-colored bowel movements, nausea, vomiting,itching', 'stomach pain, black and tarry stools, blood in stools, vomit that is bloody or looks like coffee grounds', 'unusual bleeding or bruising, small red or purple spots in skin, or blood in urine,']","['constipation', 'diarrhea', 'vomiting', 'nausea', 'mouth sores or pain', 'decreased appetite', 'weight loss', 'tiredness', 'dizziness', 'weakness', 'difficulty falling asleep or staying asleep', 'anxiety', 'dry skin', 'hair loss', 'night sweats', 'joint, bone, muscle, back, arm, or leg pain', 'muscle spasms', 'numbness, burning, or tingling in the hands, arms, feet, or legs', 'muscle weakness', 'peeling or blistering skin or rash', 'fever', 'chills', 'nausea', 'vomiting', 'confusion', 'shortness of breath', 'seizures', 'irregular heartbeat', 'dark or cloudy urine', 'unusual tiredness', 'muscle pain', 'joint pain', 'new or worsening cough or shortness of breath', 'decreased urination', 'swelling of the hands, feet, ankles, or lower legs', 'fatigue', 'decreased urination', 'swelling of the hands, feet, ankles, or lower legs', 'fatigue', 'fever', 'chills', 'cough', 'difficult, painful, or frequent urination', 'signs of infection', 'ongoing pain that begins in the stomach area but may spread to the back', 'pale skin', 'unusual tiredness or weakness', 'shortness of breath', 'dizziness', 'yellowing of the skin or eyes', 'lack of energy', 'pain or discomfort in the right upper stomach area', 'dark urine', 'light-colored bowel movements', 'itching', 'stomach pain', 'black and tarry stools', 'blood in stools', 'vomit that is bloody or looks like coffee grounds', 'unusual bleeding or bruising', 'small red or purple spots in skin', 'blood in urine']"
52,a604008,Tadalafil,"['headache', 'indigestion', 'heartburn', 'nausea', 'diarrhea', 'flushing', 'pain in the stomach, back, muscles, arms, or legs', 'cough', 'sudden decrease or loss of vision', 'blurred vision', 'changes in color vision (seeing a blue tinge on objects or having difficulty telling the difference between blue and green)', 'sudden decrease or loss of hearing', 'ringing in ears', 'erection that lasts longer than 4 hours', 'dizziness', 'chest pain', 'hives', 'rash', 'difficulty breathing or swallowing', 'swelling of the face, throat, tongue, lips, eyes, hands, feet, ankles, or lower legs', 'blistering or peeling of skin']","['headache', 'indigestion', 'heartburn', 'nausea', 'diarrhea', 'flushing', 'pain in the stomach, back, muscles, arms, or legs', 'cough', 'sudden decrease or loss of vision', 'blurred vision', 'changes in color vision (seeing a blue tinge on objects or having difficulty telling the difference between blue and green)', 'sudden decrease or loss of hearing', 'ringing in ears', 'erection that lasts longer than 4 hours', 'dizziness', 'chest pain', 'hives', 'rash', 'difficulty breathing or swallowing', 'swelling of the face, throat, tongue, lips, eyes, hands, feet, ankles, or lower legs', 'blistering or peeling of skin']"
53,a682159,Ibuprofen,"['constipation', 'gas', 'bloating', 'dizziness', 'nervousness', 'ringing in the ears', 'unexplained weight gain', 'shortness of breath', 'difficulty breathing', 'swelling of the abdomen, feet, ankles, or lower legs', 'diarrhea', 'fever, rash, blisters, or peeling skin', 'itching', 'hives', 'swelling of the eyes, face, throat, arms, or hands', 'difficulty breathing or swallowing', 'hoarseness', 'excessive tiredness', 'pain in the upper right part of the stomach', 'nausea', 'loss of appetite', 'yellowing of the skin or eyes', 'flu-like symptoms', 'pale skin', 'fast heartbeat', 'cloudy, discolored, or bloody urine', 'back pain', 'difficult or painful urination', 'blurred vision, changes in color vision, or other vision problems', 'headache, stiff neck, fever']","['constipation', 'gas', 'bloating', 'dizziness', 'nervousness', 'ringing in the ears', 'unexplained weight gain', 'shortness of breath', 'difficulty breathing', 'swelling of the abdomen, feet, ankles, or lower legs', 'diarrhea', 'fever', 'rash', 'blisters', 'peeling skin', 'itching', 'hives', 'swelling of the eyes, face, throat, arms, or hands', 'difficulty breathing or swallowing', 'hoarseness', 'excessive tiredness', 'pain in the upper right part of the stomach', 'nausea', 'loss of appetite', 'yellowing of the skin or eyes', 'flu-like symptoms', 'pale skin', 'fast heartbeat', 'cloudy, discolored, or bloody urine', 'back pain', 'difficult or painful urination', 'blurred vision', 'changes in color vision', 'vision problems', 'headache', 'stiff neck', 'fever']"
54,a605027,Dextroamphetamine,"['headache', 'dry mouth', 'unpleasant taste', 'constipation', 'weight loss', 'changes in sex drive or ability', 'seizures', 'mood changes', 'believing things that are not true, feeling unusually suspicious of others', 'agitation, hallucinations, fever, sweating, confusion, fast heartbeat, shivering, severe muscle stiffness or twitching, loss of coordination, nausea, vomiting, or diarrhea', 'chest pain, shortness of breath, fainting', 'abnormal movements', 'verbal tics', 'changes in vision', 'blurred vision', 'hives', 'paleness or blue color of fingers or toes', 'pain, burning, or tingling in the hands or feet; unexplained wounds appearing on fingers or toes']","['headache', 'dry mouth', 'unpleasant taste', 'constipation', 'weight loss', 'changes in sex drive or ability', 'seizures', 'mood changes', 'believing things that are not true', 'feeling unusually suspicious of others', 'agitation', 'hallucinations', 'fever', 'sweating', 'confusion', 'fast heartbeat', 'shivering', 'severe muscle stiffness or twitching', 'loss of coordination', 'nausea', 'vomiting', 'diarrhea', 'chest pain', 'shortness of breath', 'fainting', 'abnormal movements', 'verbal tics', 'changes in vision', 'blurred vision', 'hives', 'paleness or blue color of fingers or toes']"
55,a615040,Flibanserin,"['nausea', 'tiredness', 'difficulty falling asleep or staying asleep', 'dry mouth', 'constipation', 'excessive sleepiness', 'hoarseness; difficulty breathing or swallowing', 'hives; itching', 'swelling of the face, lips, or mouth']","['nausea', 'tiredness', 'difficulty falling asleep or staying asleep', 'dry mouth', 'constipation', 'excessive sleepiness', 'hoarseness', 'difficulty breathing or swallowing', 'hives', 'itching', 'swelling of the face, lips, or mouth']"
56,a615005,Riociguat,"['headache', 'constipation', 'heartburn', 'upset stomach', 'nausea', 'vomiting', 'diarrhea', 'swelling of your hands, legs, feet, and ankles', 'coughing up pink, frothy sputum or blood', 'fainting', 'chest pain', 'shortness of breath']","['headache', 'constipation', 'heartburn', 'upset stomach', 'nausea', 'vomiting', 'diarrhea', 'swelling of hands, legs, feet, and ankles', 'coughing up pink, frothy sputum or blood', 'fainting', 'chest pain', 'shortness of breath']"
57,a682188,Methylphenidate,"['nervousness', 'irritability', 'difficulty falling asleep or staying asleep', 'dizziness', 'nausea', 'vomiting', 'loss of appetite', 'weight loss', 'stomach pain', 'diarrhea', 'heartburn', 'dry mouth', 'headache', 'muscle tightness', 'drowsiness', 'uncontrollable movement of a part of the body', 'restlessness', 'decreased sexual desire', 'heavy sweating', 'back pain', 'fast, pounding, or irregular heartbeat; chest pain; shortness of breath; excessive tiredness; or fainting', 'seizures', 'changes in vision', 'blurred vision', 'agitation, believing things that are not true, feeling unusually suspicious of others, hallucinating', 'motor tics', 'verbal tics', 'depression, abnormally excited mood, or mood changes', 'frequent, painful erections', 'erection that lasts longer than 4 hours', 'numbness, pain, or sensitivity to temperature in the fingers or toes; skin color change from pale to blue to red in the fingers or toes; or unexplained wounds on the fingers or toes', 'hives; rash; itching; blistering or peeling skin, swelling of the eyes, face, lips, mouth, tongue, or throat; difficulty breathing or swallowing; or hoarseness']","['nervousness', 'irritability', 'difficulty falling asleep or staying asleep', 'dizziness', 'nausea', 'vomiting', 'loss of appetite', 'weight loss', 'stomach pain', 'diarrhea', 'heartburn', 'dry mouth', 'headache', 'muscle tightness', 'drowsiness', 'uncontrollable movement of a part of the body', 'restlessness', 'decreased sexual desire', 'heavy sweating', 'back pain', 'fast, pounding, or irregular heartbeat', 'chest pain', 'shortness of breath', 'excessive tiredness', 'fainting', 'seizures', 'changes in vision', 'blurred vision', 'agitation', 'believing things that are not true', 'feeling unusually suspicious of others', 'hallucinating', 'motor tics', 'verbal tics', 'depression', 'abnormally excited mood', 'mood changes', 'frequent, painful erections', 'erection that lasts longer than 4 hours', 'numbness, pain, or sensitivity to temperature in the fingers or toes', 'skin color change from pale to blue to red in the fingers or toes', 'unexplained wounds on the fingers or toes', 'hives', 'rash', 'itching', 'blistering or peeling skin', 'swelling of the eyes, face, lips, mouth, tongue, or throat', 'difficulty breathing or swallowing', 'hoarseness']"
58,a682187,Phentermine,"['dry mouth', 'unpleasant taste', 'diarrhea', 'constipation', 'vomiting', 'increased blood pressure', 'heart palpitations', 'restlessness', 'dizziness', 'tremor', 'insomnia', 'shortness of breath', 'chest pain', 'swelling of the legs and ankles', 'difficulty doing exercise that you have been able to do']","['dry mouth', 'unpleasant taste', 'diarrhea', 'constipation', 'vomiting', 'increased blood pressure', 'heart palpitations', 'restlessness', 'dizziness', 'tremor', 'insomnia', 'shortness of breath', 'chest pain', 'swelling of the legs and ankles', 'difficulty doing exercise that you have been able to do']"
59,a617005,Lixisenatide,"['nausea, vomiting, diarrhea', 'constipation', 'indigestion', 'bloating', 'headache', 'pain, itching, or redness at the injection site', 'ongoing pain that begins in the upper left or middle of the stomach but may spread to the back, with or without vomiting', 'hives, rash, itching', 'pounding heartbeat', 'fainting or feeling dizzy', 'swelling of the eyes, face, mouth, tongue, throat, feet, ankles, or lower legs', 'difficulty breathing or swallowing', 'hoarseness', 'decreased urination', 'very dry mouth or skin', 'extreme thirst', 'severe stomach problems']","['nausea', 'vomiting', 'diarrhea', 'constipation', 'indigestion', 'bloating', 'headache', 'pain, itching, or redness at the injection site', 'ongoing pain that begins in the upper left or middle of the stomach but may spread to the back, with or without vomiting', 'hives', 'rash', 'itching', 'pounding heartbeat', 'fainting or feeling dizzy', 'swelling of the eyes, face, mouth, tongue, throat, feet, ankles, or lower legs', 'difficulty breathing or swallowing', 'hoarseness', 'decreased urination', 'very dry mouth or skin', 'extreme thirst', 'severe stomach problems']"
60,a697021,Insulin Lispro,"['redness, swelling,itching in the place where you injected insulin lispro', 'changes in the feel of your skin such as skin thickening or a little indentation or lumps in the skin', 'weight gain', 'constipation', 'rash and itching, difficulty breathing, hives, wheezing, fast heartbeat, sweating, and feeling drowsy, dizzy or confused', 'swelling of the face, tongue, or throat', 'weakness, muscle cramps, abnormal heartbeat', 'shortness of breath', 'large weight gain in a short period of time', 'swelling of the arms, hands, feet, ankles, or lower legs']","['redness, swelling, itching at injection site', 'changes in the feel of your skin such as skin thickening or a little indentation or lumps in the skin', 'weight gain', 'constipation', 'rash', 'itching', 'difficulty breathing', 'hives', 'wheezing', 'fast heartbeat', 'sweating', 'feeling drowsy', 'dizziness', 'confusion', 'swelling of the face, tongue, or throat', 'weakness', 'muscle cramps', 'abnormal heartbeat', 'shortness of breath', 'large weight gain in a short period of time', 'swelling of the arms, hands, feet, ankles, or lower legs']"
61,a682221,Doxorubicin,"['nausea', 'vomiting', 'sores in the mouth and throat', 'loss of appetite', 'weight loss', 'weight gain', 'stomach pain', 'diarrhea', 'increased thirst', 'unusual tiredness or weakness', 'dizziness', 'hair loss', 'separation of fingernail or toenail from the nail bed', 'itchy, red, watery, or irritated eyes', 'eye pain', 'pain, burning, or tingling in the hands or feet', 'red discoloration of urine (for 1 to 2 days after dose)', 'hives', 'skin rash', 'itching', 'difficulty breathing or swallowing', 'seizures']","['nausea', 'vomiting', 'sores in the mouth and throat', 'loss of appetite', 'weight loss', 'weight gain', 'stomach pain', 'diarrhea', 'increased thirst', 'unusual tiredness or weakness', 'dizziness', 'hair loss', 'separation of fingernail or toenail from the nail bed', 'itchy, red, watery, or irritated eyes', 'eye pain', 'pain, burning, or tingling in the hands or feet', 'red discoloration of urine (for 1 to 2 days after dose)', 'hives', 'skin rash', 'itching', 'difficulty breathing or swallowing', 'seizures']"
62,a623062,Nadofaragene firadenovec,"['leakage of urine', 'bladder spasms', 'frequent, urgent, or painful urination', 'tiredness', 'chills', 'fever', 'blood in urine']","['leakage of urine', 'bladder spasms', 'frequent, urgent, or painful urination', 'tiredness', 'chills', 'fever', 'blood in urine']"
63,a682494,Guaifenesin,"['headache', 'nausea', 'vomiting']","['headache', 'nausea', 'vomiting']"
64,a695001,Salmeterol,"['shaking of a part of your body that you cannot control', 'headache', 'nervousness', 'dizziness', 'cough', 'stuffed nose', 'runny nose', 'ear pain', 'muscle pain, stiffness, or cramps', 'joint pain', 'sore, irritated throat', 'flu-like symptoms', 'nausea', 'heartburn', 'tooth pain', 'dry mouth', 'sores or white patches in the mouth', 'red or irritated eyes', 'difficulty falling asleep or staying asleep', 'burning or tingling of the hands or feet', 'fast or pounding heartbeat', 'chest pain', 'rash', 'hives', 'swelling of the face, throat, tongue, lips, or eyes', 'hoarseness', 'choking or difficulty swallowing', 'loud, high-pitched breathing']","['shaking of a part of your body that you cannot control', 'headache', 'nervousness', 'dizziness', 'cough', 'stuffed nose', 'runny nose', 'ear pain', 'muscle pain', 'stiffness', 'cramps', 'joint pain', 'sore, irritated throat', 'flu-like symptoms', 'nausea', 'heartburn', 'tooth pain', 'dry mouth', 'sores or white patches in the mouth', 'red or irritated eyes', 'difficulty falling asleep or staying asleep', 'burning or tingling of the hands or feet', 'fast or pounding heartbeat', 'chest pain', 'rash', 'hives', 'swelling of the face, throat, tongue, lips, or eyes', 'hoarseness', 'choking or difficulty swallowing', 'loud, high-pitched breathing']"
66,a616004,Amphetamine,"['dry mouth', 'nausea', 'diarrhea', 'constipation', 'unpleasant taste', 'stomach cramps', 'weight loss', 'nose bleeding', 'headache', 'grinding or clenching teeth during sleep', 'nervousness', 'changes in sex drive or ability', 'painful menstruation', 'pain or burning when urinating', 'dizziness', 'weakness or numbness of an arm or leg', 'motor tics', 'verbal tics', 'believing things that are not true', 'feeling unusually suspicious of others', 'hallucinating', 'mania', 'agitation, hallucinations, fever, sweating, confusion, fast heartbeat, shivering, severe muscle stiffness or twitching, loss of coordination, nausea, vomiting, or diarrhea', 'seizures', 'changes in vision', 'blurred vision', 'blistering or peeling skin', 'rash', 'hives', 'itching', 'swelling of the face, throat, tongue, lips, or eyes', 'difficulty breathing or swallowing', 'numbness, pain, or sensitivity to temperature in the fingers or toes', 'skin color change from pale to blue to red in the fingers or toes', 'unexplained wounds appearing on fingers or toes']","['dry mouth', 'nausea', 'diarrhea', 'constipation', 'unpleasant taste', 'stomach cramps', 'weight loss', 'nose bleeding', 'headache', 'grinding or clenching teeth during sleep', 'nervousness', 'changes in sex drive or ability', 'painful menstruation', 'pain or burning when urinating', 'dizziness', 'weakness or numbness of an arm or leg', 'motor tics', 'verbal tics', 'believing things that are not true', 'feeling unusually suspicious of others', 'mania', 'agitation', 'hallucinations', 'fever', 'sweating', 'confusion', 'fast heartbeat', 'shivering', 'severe muscle stiffness or twitching', 'loss of coordination', 'nausea', 'vomiting', 'diarrhea', 'seizures', 'changes in vision', 'blurred vision', 'blistering or peeling skin', 'rash', 'hives', 'itching', 'swelling of the face, throat, tongue, lips, or eyes', 'difficulty breathing or swallowing', 'numbness, pain, or sensitivity to temperature in the fingers or toes', 'skin color change from pale to blue to red in the fingers or toes', 'unexplained wounds appearing on fingers or toes']"
67,a619010,Rifamycin,"['constipation', 'headache', 'watery or bloody diarrhea that may occur along with stomach cramps and fever during your treatment or for 2 months afterward']","['constipation', 'headache', 'watery or bloody diarrhea that may occur along with stomach cramps and fever during your treatment or for 2 months afterward']"
68,a624042,Afamitresgene Autoleucel,"['nausea, diarrhea,vomiting', 'constipation', 'stomach pain', 'loss of appetite', 'back pain', 'swelling', 'pale skin', 'shortness of breath', 'fever', 'sore throat', 'chills', 'signs of infection', 'unusual bruising or bleeding', 'disorientation to time and place, drowsiness, trouble paying attention, seizures, trouble thinking or speaking, or weakness']","['nausea', 'diarrhea', 'vomiting', 'constipation', 'stomach pain', 'loss of appetite', 'back pain', 'swelling', 'pale skin', 'shortness of breath', 'fever', 'sore throat', 'chills', 'signs of infection', 'unusual bruising or bleeding', 'disorientation to time and place', 'drowsiness', 'trouble paying attention', 'seizures', 'trouble thinking or speaking', 'weakness']"
69,a613044,Afatinib,"['cracking or swelling of the lips or sores in the corners of the mouth', 'dry skin', 'itching', 'loss of appetite', 'nail infection', 'acne', 'nose bleeds', 'diarrhea', 'dry mouth, dark urine, decreased sweating, dry skin, and other signs of dehydration', 'decreased urination', 'swelling of the arms, hands, feet, ankles, or lower legs', 'rash', 'pain, redness, peeling, or blistering of skin', 'difficulty breathing', 'shortness of breath', 'rapid, irregular, or pounding heartbeat', 'sudden weight gain', 'cough', 'fever', 'excessive tiredness', 'pain in the right upper part of the stomach', 'unusual bruising or bleeding', 'nausea', 'vomiting', 'yellowing of the skin or eyes', 'dark urine', 'red, swollen, painful, or teary eyes', 'sudden changes in vision', 'blurred vision', 'sensitivity to light']","['cracking or swelling of the lips or sores in the corners of the mouth', 'dry skin', 'itching', 'loss of appetite', 'nail infection', 'acne', 'nose bleeds', 'diarrhea', 'dry mouth', 'dark urine', 'decreased sweating', 'dry skin', 'and other signs of dehydration', 'decreased urination', 'swelling of the arms, hands, feet, ankles, or lower legs', 'rash', 'pain, redness, peeling, or blistering of skin', 'difficulty breathing', 'shortness of breath', 'rapid, irregular, or pounding heartbeat', 'sudden weight gain', 'cough', 'fever', 'excessive tiredness', 'pain in the right upper part of the stomach', 'unusual bruising or bleeding', 'nausea', 'vomiting', 'yellowing of the skin or eyes', 'dark urine', 'red, swollen, painful, or teary eyes', 'sudden changes in vision', 'blurred vision', 'sensitivity to light']"
70,a609032,Everolimus,"['diarrhea', 'constipation', 'change in ability to taste food', 'weight loss', 'dry mouth', 'weakness', 'headache', 'difficulty falling asleep or staying asleep', 'nosebleed', 'dry skin', 'acne', 'problems with nails', 'hair loss', 'pain in the arms, legs, back or joints', 'muscle cramps', 'missed or irregular menstrual periods', 'heavy menstrual bleeding', 'difficulty getting or keeping an erection', 'anxiety', 'aggression or other changes in behavior', 'hives', 'itching', 'swelling of the hands, feet, arms, legs, eyes, face, mouth, lips, tongue, or throat', 'hoarseness', 'difficulty breathing or swallowing', 'wheezing', 'flushing', 'chest pain', 'extreme thirst or hunger', 'unusual bleeding or bruising', 'pale skin', 'fast or irregular heartbeat', 'dizziness', 'seizures']","['diarrhea', 'constipation', 'change in ability to taste food', 'weight loss', 'dry mouth', 'weakness', 'headache', 'difficulty falling asleep or staying asleep', 'nosebleed', 'dry skin', 'acne', 'problems with nails', 'hair loss', 'pain in the arms, legs, back or joints', 'muscle cramps', 'missed or irregular menstrual periods', 'heavy menstrual bleeding', 'difficulty getting or keeping an erection', 'anxiety', 'aggression or other changes in behavior', 'hives', 'itching', 'swelling of the hands, feet, arms, legs, eyes, face, mouth, lips, tongue, or throat', 'hoarseness', 'difficulty breathing or swallowing', 'wheezing', 'flushing', 'chest pain', 'extreme thirst or hunger', 'unusual bleeding or bruising', 'pale skin', 'fast or irregular heartbeat', 'dizziness', 'seizures']"
71,a612004,Aflibercept,"['feeling that something is in your eye', 'teary eyes', 'eye redness or pain, sensitivity to light, blurred vision, decrease or changes in vision, seeing floaters or small specks, seeing flashing lights', 'chest pain, shortness of breath, sweating, slow or difficult speech, dizziness or faintness, weakness or numbness of an arm or leg', 'rash', 'itching', 'hives', 'difficulty breathing or swallowing']","['feeling that something is in your eye', 'teary eyes', 'eye redness or pain', 'sensitivity to light', 'blurred vision', 'decrease in vision', 'changes in vision', 'seeing floaters or small specks', 'seeing flashing lights', 'chest pain', 'shortness of breath', 'sweating', 'slow or difficult speech', 'dizziness', 'fainting', 'weakness or numbness of an arm or leg', 'rash', 'itching', 'hives', 'difficulty breathing or swallowing']"
72,a682617,Tolnaftate,['skin irritation'],['skin irritation']
73,a682539,Diphenhydramine,"['dry mouth, nose, and throat', 'drowsiness', 'dizziness', 'muscle weakness', 'excitement (especially in children)', 'vision problems', 'difficulty urinating','painful urination']","['dry mouth, nose, and throat', 'drowsiness', 'dizziness', 'muscle weakness', 'excitement (especially in children)', 'vision problems', 'difficulty urinating', 'painful urination']"
74,a623025,Agalsidase beta,"['cough, sore throat, runny nose, or other signs of infection', 'fatigue', 'back pain', 'ringing in the ears', 'hearing loss', 'repeatedly picking or scratching skin', 'anxiety', 'depression', 'hot flashes', 'falling']","['cough', 'sore throat', 'runny nose', 'signs of infection', 'fatigue', 'back pain', 'ringing in the ears', 'hearing loss', 'repeatedly picking or scratching skin', 'anxiety', 'depression', 'hot flashes', 'falling']"
75,a624005,Vamorolone,"['headache', 'vomiting', 'diarrhea', 'increased appetite', 'runny nose', 'difficulty falling asleep or staying asleep', 'sore throat, fever, chills, cough, or other signs of infection', 'rash', 'hives', 'itching', 'swelling of face, eyes, lips, or throat', 'difficulty breathing or swallowing', 'confusion', 'extreme changes in mood', 'changes in personality', 'inappropriate happiness', 'depression', 'weight gain', 'weight loss', 'stomach pain', 'shortness of breath', 'sudden weight gain', 'swelling of feet, ankles, or lower legs', 'changes in vision']","['headache', 'vomiting', 'diarrhea', 'increased appetite', 'runny nose', 'difficulty falling asleep or staying asleep', 'sore throat', 'fever', 'chills', 'cough', 'signs of infection', 'rash', 'hives', 'itching', 'swelling of face, eyes, lips, or throat', 'difficulty breathing or swallowing', 'confusion', 'extreme changes in mood', 'changes in personality', 'inappropriate happiness', 'depression', 'weight gain', 'weight loss', 'stomach pain', 'shortness of breath', 'sudden weight gain', 'swelling of feet, ankles, or lower legs', 'changes in vision']"
76,a601020,Anagrelide,"['headache', 'gas', 'nausea', 'vomiting', 'diarrhea', 'constipation', 'stomach pain', 'heartburn', 'belching', 'loss of appetite', 'runny nose', 'nosebleed', 'sore throat', 'mouth sores', 'dizziness', 'depression', 'nervousness', 'forgetfulness', 'confusion', 'difficulty falling asleep or staying asleep', 'lack of energy or sleepiness', 'weakness', 'muscle, joint or back pain', 'leg cramps', 'hair loss', 'fever', 'flu-like symptoms', 'painful urination', 'ringing in the ears', 'itching', 'rash', 'hives', 'unusual bleeding or bruising', 'blood in urine or stool', 'black or tarry stools', 'chest pain', 'fluttering sensation in the chest', 'fast, forceful, or irregular heartbeats', 'swelling of the arms, hands, feet, ankles or lower legs', 'difficulty breathing', 'cough', 'slow or difficult speech', 'fainting', 'weakness or numbness of an arm or leg', 'pain, burning, or tingling in the hands or feet', 'seizure', 'changes in vision']","['headache', 'gas', 'nausea', 'vomiting', 'diarrhea', 'constipation', 'stomach pain', 'heartburn', 'belching', 'loss of appetite', 'runny nose', 'nosebleed', 'sore throat', 'mouth sores', 'dizziness', 'depression', 'nervousness', 'forgetfulness', 'confusion', 'difficulty falling asleep or staying asleep', 'lack of energy or sleepiness', 'weakness', 'muscle, joint or back pain', 'leg cramps', 'hair loss', 'fever', 'flu-like symptoms', 'painful urination', 'ringing in the ears', 'itching', 'rash', 'hives', 'unusual bleeding or bruising', 'blood in urine or stool', 'black or tarry stools', 'chest pain', 'fluttering sensation in the chest', 'fast, forceful, or irregular heartbeats', 'swelling of the arms, hands, feet, ankles or lower legs', 'difficulty breathing', 'cough', 'slow or difficult speech', 'fainting', 'weakness or numbness of an arm or leg', 'pain, burning, or tingling in the hands or feet', 'seizure', 'changes in vision']"
77,a618029,Erenumab,"['injection site pain, redness, swelling,itching', 'constipation', 'cramps', 'muscle spasms', 'mouth sores', 'hair loss', 'rash', 'hives', 'itching', 'swelling of the face, throat, tongue, lips, and eyes', 'difficulty swallowing or breathing', 'constipation with constant stomach pain or tenderness, vomiting, or stomach bloating', 'numb, cold, painful, or discolored fingers or toes']","['injection site pain, redness, swelling, itching', 'constipation', 'cramps', 'muscle spasms', 'mouth sores', 'hair loss', 'rash', 'hives', 'itching', 'swelling of the face, throat, tongue, lips, and eyes', 'difficulty breathing or swallowing', 'constipation with constant stomach pain or tenderness', 'vomiting', 'stomach bloating', 'numb, cold, painful, or discolored fingers or toes']"
78,a608007,Budesonide,"['headache', 'dizziness', 'runny nose, sneezing, coughing', 'nausea', 'indigestion', 'abdominal pain', 'dry, itchy skin', 'gas', 'vomiting', 'fatigue', 'back pain', 'joint pain or aches', 'muscle aches, spasms or cramps', 'dry, itchy skin', 'difficulty sleeping', 'facial or extremity swelling', 'acne', 'weight gain', 'difficulty sleeping', 'mood changes', 'facial hair', 'rash, throat swelling, difficulty breathing', 'fever, cough, shortness of breath', 'abdominal pain, diarrhea, nausea, vomiting', 'changes in vision', 'bruising', 'bruising, swelling of the face, fatty pad or hump between your shoulders, easy bruising, stretch marks on the skin']","['headache', 'dizziness', 'runny nose', 'sneezing', 'coughing', 'nausea', 'indigestion', 'abdominal pain', 'dry, itchy skin', 'gas', 'vomiting', 'fatigue', 'back pain', 'joint pain or aches', 'muscle aches', 'spasms or cramps', 'difficulty sleeping', 'facial or extremity swelling', 'acne', 'weight gain', 'difficulty sleeping', 'mood changes', 'facial hair', 'rash', 'throat swelling', 'difficulty breathing', 'fever', 'cough', 'shortness of breath', 'abdominal pain', 'diarrhea', 'nausea', 'vomiting', 'changes in vision', 'bruising', 'swelling of the face', 'fatty pad or hump between your shoulders', 'easy bruising', 'stretch marks on the skin']"
79,a618053,Fremanezumab,"['injection site pain, swelling, or redness', 'hives', 'itching', 'flushing of the face', 'difficulty breathing', 'swelling of your face, mouth, tongue, or throat', 'numb, cold, painful, or discolored fingers or toes']","['injection site pain, swelling, or redness', 'hives', 'itching', 'flushing of the face', 'difficulty breathing', 'swelling of your face, mouth, tongue, or throat', 'numb, cold, painful, or discolored fingers or toes']"
80,a615042,Prednisolone,"['headache', 'nausea', 'extreme changes in mood, including unusual happiness', 'changes in personality', 'difficulty falling asleep or staying asleep', 'thin, fragile skin', 'slowed healing of cuts and bruises', 'acne', 'thinning hair', 'increased appetite', 'changes in the way fat is spread around the body', 'increased sweating', 'irregular or absent menstrual periods', 'sore throat, fever, chills, cough, or other signs of infection', 'seizures', 'muscle weakness', 'vision problems', 'depression', 'loss of contact with reality', 'sudden weight gain', 'stomach swelling', 'swelling of the eyes, face, lips, tongue, throat, arms, hands, feet, ankles, or lower legs', 'difficulty breathing or swallowing', 'rash', 'hives', 'itching']","['headache', 'nausea', 'extreme changes in mood', 'unusual happiness', 'changes in personality', 'difficulty falling asleep or staying asleep', 'thin, fragile skin', 'slowed healing of cuts and bruises', 'acne', 'thinning hair', 'increased appetite', 'changes in the way fat is spread around the body', 'increased sweating', 'irregular or absent menstrual periods', 'sore throat', 'fever', 'chills', 'cough', 'signs of infection', 'seizures', 'muscle weakness', 'vision problems', 'depression', 'loss of contact with reality', 'sudden weight gain', 'stomach swelling', 'swelling of the eyes, face, lips, tongue, throat, arms, hands, feet, ankles, or lower legs', 'difficulty breathing or swallowing', 'rash', 'hives', 'itching']"
81,a686011,Levobunolol,"['eye stinging or burning', 'discomfort, redness,itching of the eye', 'swelling of the eyelids', 'decreased vision', 'difficulty breathing', 'wheezing', 'slow or irregular heartbeat', 'faintness', 'swelling of the feet and legs', 'sudden weight gain']","['eye stinging or burning', 'discomfort, redness, itching of the eye', 'swelling of the eyelids', 'decreased vision', 'difficulty breathing', 'wheezing', 'slow or irregular heartbeat', 'faintness', 'swelling of the feet and legs', 'sudden weight gain']"
82,a617007,Niraparib,"['nausea', 'vomiting', 'constipation', 'heartburn', 'dry mouth', 'sores in the mouth', 'loss of appetite', 'back pain', 'headache', 'dizziness', 'changes in taste', 'difficulty falling asleep or staying asleep', 'anxiety', 'rash', 'pale skin', 'shortness of breath', 'weakness', 'tiredness', 'weight loss', 'bruising or bleeding easily', 'blood in urine or stool', 'burning feeling when you urinate', 'frequent or urgent need to urinate', 'fever, cough, runny nose, or other signs of infection']","['nausea', 'vomiting', 'constipation', 'heartburn', 'dry mouth', 'sores in the mouth', 'loss of appetite', 'back pain', 'headache', 'dizziness', 'changes in taste', 'difficulty falling asleep or staying asleep', 'anxiety', 'rash', 'pale skin', 'shortness of breath', 'weakness', 'tiredness', 'weight loss', 'bruising or bleeding easily', 'blood in urine or stool', 'burning feeling when you urinate', 'frequent or urgent need to urinate', 'fever', 'cough', 'runny nose', 'signs of infection']"
83,a611046,Abiraterone,"['joint swelling or pain', 'groin pain', 'hot flashes ', 'diarrhea', 'constipation', 'heartburn', 'cough', 'sore throat', 'stuffy or runny nose', 'difficulty falling asleep or staying asleep', 'dizziness', 'feeling faint or lightheaded', 'headache', 'confusion', 'fast or irregular heartbeats', 'muscle weakness or aches', 'leg pain', 'swelling of the hands, feet, ankles, or lower legs', 'shortness of breath', 'rash', 'hives', 'itching', 'difficulty breathing or swallowing', 'swelling of the face, lips, tongue or throat', 'unusual bruising or bleeding', ',', 'yellowing of the skin or eyes, nausea, vomiting, loss of appetite, extreme tiredness, lack of energy, dark urine, or pain in the upper right part of the stomach', 'flu-like symptoms', 'fever', 'blood in urine', 'difficult, painful, or frequent urination', 'falling', 'bone fracture']","['joint swelling or pain', 'groin pain', 'hot flashes ', 'diarrhea', 'constipation', 'heartburn', 'cough', 'sore throat', 'stuffy or runny nose', 'difficulty falling asleep or staying asleep', 'dizziness', 'feeling faint or lightheaded', 'headache', 'confusion', 'fast or irregular heartbeats', 'muscle weakness or aches', 'leg pain', 'swelling of the hands, feet, ankles, or lower legs', 'shortness of breath', 'rash', 'hives', 'itching', 'difficulty breathing or swallowing', 'swelling of the face, lips, tongue or throat', 'unusual bruising or bleeding', 'yellowing of the skin or eyes', 'nausea', 'vomiting', 'loss of appetite', 'extreme tiredness', 'lack of energy', 'dark urine', 'pain in the upper right part of the stomach', 'flu-like symptoms', 'fever', 'blood in urine', 'difficult, painful, or frequent urination', 'falling', 'bone fracture']"
84,a620004,Trifarotene,"['dryness, pain, burning, stinging, peeling, redness, itching, or flaky skin at the treatment area']","['dryness, pain, burning, stinging, peeling, redness, itching, or flaky skin at the treatment area']"
85,a616014,Cyclopentolate,"['stinging, burning, or discomfort in the eye', 'itching or redness of the eye', 'redness, swelling or other symptoms of pink eye', 'problems with coordination (usually in children)', 'slurred speech (usually in children)', 'restlessness (usually in children)', 'drowsiness', 'hallucinations (usually in children)', 'hyperactivity and other changes in behavior (usually in children)', 'seizures (usually in children)', 'mental confusion (usually in children)', 'failure to recognize people (usually in children)', 'rash', 'bloating of the abdomen (when used in infants)', 'fever', 'difficulty urinating', 'decreased sweating', 'dry mouth']","['stinging, burning, or discomfort in the eye', 'itching or redness of the eye', 'redness, swelling or other symptoms of pink eye', 'problems with coordination (usually in children)', 'slurred speech (usually in children)', 'restlessness (usually in children)', 'drowsiness', 'hallucinations (usually in children)', 'hyperactivity and other changes in behavior (usually in children)', 'seizures (usually in children)', 'mental confusion (usually in children)', 'failure to recognize people (usually in children)', 'rash', 'bloating of the abdomen (when used in infants)', 'fever', 'difficulty urinating', 'decreased sweating', 'dry mouth']"
86,a686005,Dipivefrin,"['eye irritation or discomfort', 'swelling or pain of the eye', 'blurred vision', 'increased sensitivity to light and glare', 'fast or irregular heartbeat', 'chest pain', 'wheezing', 'difficulty breathing']","['eye irritation or discomfort', 'swelling or pain of the eye', 'blurred vision', 'increased sensitivity to light and glare', 'fast or irregular heartbeat', 'chest pain', 'wheezing', 'difficulty breathing']"
87,a607072,Salicylic Acid,"['skin irritation', 'stinging in the area where you applied topical salicylic acid', 'confusion', 'dizziness', 'extreme tiredness or weakness', 'headache', 'fast breathing', 'ringing or buzzing in the ears', 'hearing loss', 'nausea', 'vomiting', 'diarrhea', 'hives', 'itching', 'throat tightness', 'difficulty breathing', 'feeling faint', 'swelling of the eyes, face, lips, or tongue']","['skin irritation', 'stinging in the area where you applied the medication', 'confusion', 'dizziness', 'extreme tiredness or weakness', 'headache', 'fast breathing', 'ringing or buzzing in the ears', 'hearing loss', 'nausea', 'vomiting', 'diarrhea', 'hives', 'itching', 'throat tightness', 'difficulty breathing', 'feeling faint', 'swelling of the eyes, face, lips, or tongue']"
88,a682545,Brompheniramine,"['drowsiness', 'dry mouth, nose, and throat', 'nausea', 'headache', 'chest congestion', 'vision problems', 'difficulty urinating']","['drowsiness', 'dry mouth, nose, and throat', 'nausea', 'headache', 'chest congestion', 'vision problems', 'difficulty urinating']"
89,a699048,Aluminum Hydroxide,"['constipation', 'loss of appetite', 'confusion', 'unusual tiredness or discomfort', 'muscle weakness']","['constipation', 'loss of appetite', 'confusion', 'unusual tiredness or discomfort', 'muscle weakness']"
90,a601073,Magnesium Hydroxide,"['loose, watery, or more frequent stools', 'blood in stool', 'unable to have a bowel movement 6 hours after use']","['loose, watery, or more frequent stools', 'blood in stool', 'unable to have a bowel movement 6 hours after use']"
91,a697038,Loratadine,"['headache', 'drowsiness', 'tiredness', 'rash', 'hives', 'itching', 'swelling of the eyes, face, lips, tongue, throat', 'difficulty breathing or swallowing']","['headache', 'drowsiness', 'tiredness', 'rash', 'hives', 'itching', 'swelling of the eyes, face, lips, tongue, throat', 'difficulty breathing or swallowing']"
92,a610019,Albendazole,"['stomach pain', 'nausea', 'vomiting', 'headache', 'dizziness', 'reversible hair loss', 'sore throat, fever, chills, and other signs of infection', 'unusual bleeding or bruising', 'weakness', 'fatigue', 'pale skin', 'shortness of breath', 'rash', 'hives']","['stomach pain', 'nausea', 'vomiting', 'headache', 'dizziness', 'reversible hair loss', 'sore throat', 'fever', 'chills', 'signs of infection', 'unusual bleeding or bruising', 'weakness', 'fatigue', 'pale skin', 'shortness of breath', 'rash', 'hives']"
93,a614031,Albiglutide,"['diarrhea', 'nausea', 'heartburn', 'redness, swelling,itching at the site of the injection', 'cough or flu-like symptoms', 'ongoing pain that begins in the upper left or middle of the stomach but may spread to the back', 'vomiting', 'hives', 'rash', 'itching', 'difficulty breathing']","['diarrhea', 'nausea', 'heartburn', 'redness, swelling, itching at the site of the injection', 'cough or flu-like symptoms', 'ongoing pain that begins in the upper left or middle of the stomach but may spread to the back', 'vomiting', 'hives', 'rash', 'itching', 'difficulty breathing']"
94,a611022,Alcaftadine,"['eye irritation', 'itching, burning, or stinging of the eye', 'eye redness', 'runny nose', 'headache']","['eye irritation', 'itching, burning, or stinging of the eye', 'eye redness', 'runny nose', 'headache']"
96,a682571,Hydrochlorothiazide,"['frequent urination', 'diarrhea', 'loss of appetite', 'headache', 'hair loss', 'dry mouth', 'thirst', 'nausea', 'vomiting', 'weakness', 'tiredness', 'drowsiness', 'restlessness', 'confusion', 'muscle weakness, pain, or cramps', 'fast heartbeat', 'signs of dehydration', 'electrolyte imbalance', 'blisters or peeling skin', 'hives', 'rash', 'itching', 'difficulty breathing or swallowing', 'fever', 'sore throat', 'chills', 'signs of infection', 'unusual bleeding or bruising', 'ongoing pain that begins in the stomach area, but may spread to the back', 'joint pain or swelling', 'changes in vision', 'eye pain', 'swelling or redness in or around the eye']","['frequent urination', 'diarrhea', 'loss of appetite', 'headache', 'hair loss', 'dry mouth', 'thirst', 'nausea', 'vomiting', 'weakness', 'tiredness', 'drowsiness', 'restlessness', 'confusion', 'muscle weakness, pain, or cramps', 'fast heartbeat', 'signs of dehydration', 'electrolyte imbalance', 'blisters or peeling skin', 'hives', 'rash', 'itching', 'difficulty breathing or swallowing', 'fever', 'sore throat', 'chills', 'signs of infection', 'unusual bleeding or bruising', 'ongoing pain that begins in the stomach area, but may spread to the back', 'joint pain or swelling', 'changes in vision', 'eye pain', 'swelling or redness in or around the eye']"
97,a682627,Spironolactone,"['vomiting', 'diarrhea', 'stomach pain or cramps', 'enlarged or painful breasts in men or women', 'irregular menstrual periods', ""vaginal bleeding in post-menopausal ('after the change of life', the end of monthly menstrual periods) women"", 'difficulty maintaining or achieving an erection', 'deepening of voice', 'increased hair growth on parts of the body', 'drowsiness', 'tiredness', 'restlessness', 'muscle weakness, pain, or cramps', 'pain, burning, numbness, or tingling in the hands or feet', 'inability to move arms or legs', 'changes in heartbeat', 'confusion', 'nausea', 'extreme tiredness', 'dry mouth, thirst, dizziness, unsteadiness, headache, or other signs of dehydration', 'unusual bleeding or bruising', 'lack of energy', 'loss of appetite', 'pain in the upper right part of the stomach', 'yellowing of the skin or eyes', 'flu-like symptoms', 'rash', 'hives', 'itching', 'difficulty breathing or swallowing', 'vomiting blood', 'blood in stools', 'decreased urination', 'fainting']","['vomiting', 'diarrhea', 'stomach pain or cramps', 'enlarged or painful breasts', 'irregular menstrual periods', ""vaginal bleeding in post-menopausal"", 'difficulty maintaining or achieving an erection', 'deepening of voice', 'increased hair growth on parts of the body', 'drowsiness', 'tiredness', 'restlessness', 'muscle weakness, pain, or cramps', 'pain, burning, numbness, or tingling in the hands or feet', 'inability to move arms or legs', 'changes in heartbeat', 'confusion', 'nausea', 'extreme tiredness', 'dry mouth', 'thirst', 'dizziness', 'unsteadiness', 'headache', 'signs of dehydration', 'unusual bleeding or bruising', 'lack of energy', 'loss of appetite', 'pain in the upper right part of the stomach', 'yellowing of the skin or eyes', 'flu-like symptoms', 'rash', 'hives', 'itching', 'difficulty breathing or swallowing', 'vomiting blood', 'blood in stools', 'decreased urination', 'fainting']"
98,a698010,Imiquimod,"['redness, itching, burning, or bleeding of the treated area', 'flaking, scaling, dryness, or thickening of the skin', 'swelling, stinging, or pain in the treated area', 'blisters, scabs, or bumps on the skin', 'headache', 'skin breakdown or sores that may have drainage, especially during the first week of treatment', 'flu-like symptoms such as nausea, fever, chills, tiredness, and muscle weakness or pain']","['redness, itching, burning, or bleeding of the treated area', 'flaking, scaling, dryness, or thickening of the skin', 'swelling, stinging, or pain in the treated area', 'blisters, scabs, or bumps on the skin', 'headache', 'skin breakdown or sores that may have drainage, especially during the first week of treatment', 'flu-like symptoms', 'nausea', 'fever', 'chills', 'tiredness', 'muscle weakness or pain']"
99,a692009,Aldesleukin,"['nausea', 'vomiting', 'diarrhea', 'loss of appetite', 'sores in the mouth and throat', 'tiredness', 'weakness', 'dizziness', 'general feeling of being unwell', 'pain or redness at the place where the injection was given', 'seizures', 'chest pain', 'extreme worry', 'abnormal excitement or agitation', 'new or worsening depression', 'hallucinations', 'changes in your vision or speech', 'loss of coordination', 'decreased alertness', 'unusual bruising or bleeding', 'extreme sleepiness or tiredness', 'difficulty breathing', 'wheezing', 'stomach pain', 'yellowing of the skin or eyes', 'decreased urination', 'rash', 'hives', 'itching', 'difficulty breathing or swallowing']","['nausea', 'vomiting', 'diarrhea', 'loss of appetite', 'sores in the mouth and throat', 'tiredness', 'weakness', 'dizziness', 'general feeling of being unwell', 'pain or redness at injection site', 'seizures', 'chest pain', 'extreme worry', 'abnormal excitement or agitation', 'new or worsening depression', 'hallucinations', 'changes in your vision or speech', 'loss of coordination', 'decreased alertness', 'unusual bruising or bleeding', 'extreme sleepiness or tiredness', 'difficulty breathing', 'wheezing', 'stomach pain', 'yellowing of the skin or eyes', 'decreased urination', 'rash', 'hives', 'itching', 'difficulty breathing or swallowing']"
100,a682242,Methyldopa,"['headache', 'muscle weakness', 'swollen ankles or feet', 'upset stomach', 'vomiting', 'diarrhea', 'gas', 'dry mouth', 'rash', 'unexplained fever', 'extreme tiredness', 'yellowing of the skin or eyes']","['headache', 'muscle weakness', 'swollen ankles or feet', 'upset stomach', 'vomiting', 'diarrhea', 'gas', 'dry mouth', 'rash', 'unexplained fever', 'extreme tiredness', 'yellowing of the skin or eyes']"
101,a682537,Doxylamine,"['dry mouth, nose, and throat', 'drowsiness', 'nausea', 'increased chest congestion', 'headache', 'excitement', 'nervousness', 'vision problems', 'difficulty urinating']","['dry mouth, nose, and throat', 'drowsiness', 'nausea', 'increased chest congestion', 'headache', 'excitement', 'nervousness', 'vision problems', 'difficulty urinating']"